content,publish_time,like_count,comment_count,platform,brand,product,campaign,source_type,risk_label,sentiment,sentiment_score,sentiment_confidence,topic_distribution,dominant_topic,topic_confidence
用了几天，这次光感修护精华液真的好用，质地清爽不黏，早上上妆也不搓泥，已经准备回购。希望品牌给个明确说明。我是混油皮，达人链接下单，早晚用了4天，这个点对敏感肌很关键。,2026-06-01 02:44:00,57,15,小红书,NewBrand,光感修护精华液,敏感肌种草,用户评论,正向口碑,positive,0.7,1.0,[0.02644835 0.02672842 0.02638693 0.89374197 0.02669434],3,0.8937419686434589
测评后感觉，价格比竞品贵一截，但效果没有宣传那么夸张，感觉被种草文骗了。我是外油内干，达人链接下单，空瓶半瓶后，和同价位竞品对比差异明显。,2026-05-28 20:41:00,126,38,微博,竞品B,光感修护精华液,夏季修护专题,达人笔记,价格价值争议,neutral,0.0,0.5,[0.02805099 0.02803057 0.02808698 0.88780128 0.02803018],3,0.887801277770244
价格比竞品贵一截，但效果没有宣传那么夸张，感觉被种草文骗了。大家怎么看？我是外油内干，小样试用后入正装，用了2次，评论区反馈分化很明显。,2026-05-27 03:31:00,133,37,京东评价,NewBrand,光感修护精华液,达人测评,电商评价,价格价值争议,neutral,0.0,0.5,[0.02860114 0.02851371 0.02845296 0.88584998 0.02858221],3,0.8858499784965963
连续用了一周，光感修护精华液对换季干燥有改善，修护感很明显。希望品牌给个明确说明。我是油敏皮，小样试用后入正装，用了2次，后续上妆状态变化很大。,2026-05-30 19:45:00,71,4,天猫评价,NewBrand,光感修护精华液,夏季修护专题,话题讨论,正向口碑,positive,1.125,1.0,[0.02789372 0.88894704 0.02752147 0.02780655 0.02783122],1,0.8889470410334166
姐妹们，这次温和洁面乳真的好用，质地清爽不黏，早上上妆也不搓泥，已经准备回购。大家怎么看？我是外油内干，大促囤货，用了1周，大促期间看到很多类似反馈。,2026-05-30 21:29:00,59,14,天猫评价,NewBrand,温和洁面乳,敏感肌种草,用户评论,正向口碑,positive,0.625,0.925,[0.0278138  0.028202   0.02700137 0.72531901 0.19166382],3,0.7253190076366789
用了几天，看到很多人反馈刺痛，也有人说好用，感觉和肤质关系很大。希望品牌给个明确说明。我是干敏皮，大促囤货，刚上脸10分钟，客服回复会直接影响我是否复购。,2026-05-27 13:59:00,20,15,天猫评价,竞品C,温和洁面乳,618大促,达人笔记,中性观察,neutral,0.0,0.3,[0.89876617 0.02535266 0.02524806 0.02529687 0.02533624],0,0.8987661738032667
用了三天爆痘，停用后才慢慢好，不敢继续用了。希望品牌给个明确说明。我是痘肌，直播间入手，空瓶半瓶后，大促期间看到很多类似反馈。,2026-05-30 01:55:00,183,22,京东评价,NewBrand,早C晚A精华套装,新品上市,达人笔记,价格价值争议,positive,0.333,0.633,[0.02892779 0.02882462 0.02866174 0.02875024 0.88483561],4,0.8848356084536229
测评后感觉，用了三天爆痘，停用后才慢慢好，不敢继续用了。大家怎么看？我是沙漠干皮，大促囤货，连续用了3天，希望品牌补充适用人群说明。,2026-05-31 22:07:00,66,20,B站,NewBrand,早C晚A精华套装,敏感肌种草,短视频评论,产品质量风险,positive,0.333,0.633,[0.02976194 0.02994478 0.0295061  0.02982508 0.88096209],4,0.8809620899437093
姐妹们，保湿和提亮都比较自然，不是那种立刻假白的效果。希望品牌给个明确说明。我是沙漠干皮，达人链接下单，刚上脸10分钟，评论区反馈分化很明显。,2026-05-31 07:57:00,54,1,京东评价,NewBrand,光感修护精华液,达人测评,达人笔记,正向口碑,positive,0.333,0.633,[0.89514729 0.02614681 0.02599076 0.02654514 0.02617   ],0,0.8951472937367783
活动价还可以，套装搭配合理，适合第一次尝试这个系列。我是沙漠干皮，大促囤货，用了2次，后续上妆状态变化很大。,2026-05-28 17:38:00,30,7,抖音,NewBrand,舒缓保湿面膜,618大促,达人笔记,正向口碑,positive,1.0,1.0,[0.03146773 0.03140248 0.03121416 0.03155183 0.8743638 ],4,0.8743638011317632
用了几天，用了三天爆痘，停用后才慢慢好，不敢继续用了。希望品牌给个明确说明。我是正常偏干，朋友推荐后购买，用了1周，鼻翼和脸颊反应最明显。,2026-05-31 05:04:00,75,38,抖音,NewBrand,光感修护精华液,达人测评,用户评论,产品质量风险,positive,0.333,0.633,[0.02889137 0.02886915 0.02878237 0.02895859 0.88449853],4,0.8844985258414481
用了几天，用了三天爆痘，停用后才慢慢好，不敢继续用了。我是正常偏干，直播间入手，空瓶半瓶后，大促期间看到很多类似反馈。,2026-05-30 16:34:00,118,11,天猫评价,NewBrand,舒缓保湿面膜,618大促,话题讨论,广告承诺争议,neutral,0.0,0.3,[0.02953955 0.0294326  0.02934608 0.0293744  0.88230737],4,0.882307369506733
质地看着高级，上脸却搓泥，后续上妆完全不服帖，踩雷。大家怎么看？我是油敏皮，旗舰店买的，用了2次，后续上妆状态变化很大。,2026-05-31 05:17:00,279,32,小红书,NewBrand,光感修护精华液,达人测评,电商评价,广告承诺争议,neutral,0.0,0.5,[0.86004597 0.03499668 0.03468989 0.03497085 0.03529661],0,0.8600459684069864
测评后感觉，NewBrand广告说温和修护，但我用完明显过敏，这种宣传太离谱。大家怎么看？我是痘肌，达人链接下单，连续用了3天，希望品牌补充适用人群说明。,2026-05-27 20:52:00,363,45,微博,NewBrand,屏障修护面霜,618大促,话题讨论,广告承诺争议,neutral,0.1,0.4,[0.02886298 0.88452521 0.02870193 0.02889034 0.02901953],1,0.8845252055328616
说实话，NewBrand广告说温和修护，但我用完明显过敏，这种宣传太离谱。我是痘肌，大促囤货，连续用了3天，客服回复会直接影响我是否复购。,2026-05-29 04:50:00,113,28,天猫评价,NewBrand,早C晚A精华套装,敏感肌种草,电商评价,售后体验不满,neutral,-0.125,0.425,[0.02970973 0.88203291 0.02919793 0.02936143 0.029698  ],1,0.882032913218788
NewBrand这波新品包装和肤感都比以前细腻，吸收快，味道也克制。大家怎么看？我是干敏皮，朋友推荐后购买，刚上脸10分钟，和同价位竞品对比差异明显。,2026-05-27 23:53:00,30,25,B站,NewBrand,温和洁面乳,敏感肌种草,达人笔记,正向口碑,positive,1.0,1.0,[0.02689747 0.02683823 0.02683702 0.02676038 0.8926669 ],4,0.8926669027535862
姐妹们，价格比竞品贵一截，但效果没有宣传那么夸张，感觉被种草文骗了。大家怎么看？我是痘肌，达人链接下单，早晚用了4天，大促期间看到很多类似反馈。,2026-05-26 00:14:00,201,8,小红书,NewBrand,光感修护精华液,达人测评,短视频评论,价格价值争议,neutral,0.0,0.5,[0.02830766 0.02821084 0.02782872 0.6606215  0.25503128],3,0.6606214999152928
客服解释成分很专业，售后响应也快，这点比竞品体验好。大家怎么看？我是正常偏干，旗舰店买的，用了1周，鼻翼和脸颊反应最明显。,2026-05-25 16:30:00,37,0,B站,竞品A,温和洁面乳,新品上市,话题讨论,正向口碑,positive,1.5,1.0,[0.03073152 0.8767851  0.03062804 0.03090428 0.03095106],1,0.8767851008921261
说实话，竞品C这次活动力度一般，赠品多但主品价格没有太大优势。希望品牌给个明确说明。我是正常偏干，旗舰店买的，空瓶半瓶后，希望品牌补充适用人群说明。,2026-05-29 19:00:00,12,8,京东评价,竞品C,早C晚A精华套装,新品上市,用户评论,中性观察,neutral,-0.25,0.55,[0.02786246 0.02757766 0.02741734 0.02753894 0.8896036 ],4,0.8896036041028236
用了几天，连续用了一周，屏障修护面霜对换季干燥有改善，修护感很明显。还会继续观察。我是痘肌，达人链接下单，用了1周，评论区反馈分化很明显。,2026-05-26 02:13:00,25,2,微博,NewBrand,屏障修护面霜,新品上市,用户评论,正向口碑,positive,1.0,1.0,[0.02948609 0.88149041 0.02957462 0.02966522 0.02978366],1,0.8814904088813679
竞品A广告说温和修护，但我用完明显过敏，这种宣传太离谱。大家怎么看？我是油敏皮，小样试用后入正装，用了1周，后续上妆状态变化很大。,2026-05-30 06:37:00,188,15,京东评价,竞品A,光感修护精华液,敏感肌种草,电商评价,价格价值争议,neutral,-0.125,0.425,[0.02965437 0.8817632  0.02932084 0.02962885 0.02963274],1,0.8817631979396988
测评后感觉，用了早C晚A精华套装之后脸颊刺痛泛红，严重辣脸，第二天还起了小疹子。还会继续观察。我是混油皮，朋友推荐后购买，刚上脸10分钟，和同价位竞品对比差异明显。,2026-05-31 11:59:00,51,6,小红书,竞品A,早C晚A精华套装,敏感肌种草,达人笔记,价格价值争议,negative,-1.0,1.0,[0.02576279 0.89771107 0.02536693 0.02543343 0.02572579],1,0.8977110665947985
姐妹们，连续用了一周，屏障修护面霜对换季干燥有改善，修护感很明显。还会继续观察。我是油敏皮，朋友推荐后购买，刚上脸10分钟，这个点对敏感肌很关键。,2026-05-29 23:50:00,85,13,微博,NewBrand,屏障修护面霜,618大促,用户评论,正向口碑,positive,1.0,1.0,[0.02747203 0.89006571 0.02731132 0.02747601 0.02767492],1,0.8900657145186575
用了几天，保湿和提亮都比较自然，不是那种立刻假白的效果。希望品牌给个明确说明。我是痘肌，达人链接下单，用了1周，客服回复会直接影响我是否复购。,2026-05-26 16:05:00,101,4,抖音,NewBrand,舒缓保湿面膜,敏感肌种草,达人笔记,正向口碑,positive,0.333,0.633,[0.89008318 0.02757494 0.02733955 0.02749903 0.0275033 ],0,0.8900831822965767
说实话，NewBrand这波新品包装和肤感都比以前细腻，吸收快，味道也克制。不建议盲买。我是痘肌，大促囤货，空瓶半瓶后，客服回复会直接影响我是否复购。,2026-05-30 18:33:00,58,28,天猫评价,NewBrand,早C晚A精华套装,新品上市,达人笔记,正向口碑,positive,1.0,1.0,[0.02704307 0.02703739 0.02668547 0.02686016 0.89237391],4,0.8923739128835604
说实话，用了舒缓保湿面膜之后脸颊刺痛泛红，严重辣脸，第二天还起了小疹子。我是屏障受损肌，旗舰店买的，连续用了3天，希望品牌补充适用人群说明。,2026-05-29 08:38:00,33,16,天猫评价,NewBrand,舒缓保湿面膜,达人测评,话题讨论,售后体验不满,neutral,-0.2,0.5,[0.02830679 0.88690623 0.02818717 0.02827453 0.02832528],1,0.8869062314901008
测评后感觉，买的套装里小样快过期，包装还压坏了，活动体验很糟糕。大家怎么看？我是痘肌，旗舰店买的，早晚用了4天，希望品牌补充适用人群说明。,2026-05-25 00:49:00,127,25,B站,NewBrand,舒缓保湿面膜,夏季修护专题,短视频评论,达人内容质疑,neutral,-0.25,0.55,[0.03037051 0.03043972 0.03017223 0.03042221 0.87859533],4,0.8785953285092802
客服回复速度还行，但对过敏问题的解释比较模板化。不建议盲买。我是正常偏干，旗舰店买的，刚上脸10分钟，这个点对敏感肌很关键。,2026-05-30 02:26:00,15,8,小红书,NewBrand,早C晚A精华套装,敏感肌种草,达人笔记,中性观察,negative,-1.0,1.0,[0.03007901 0.87982627 0.02981282 0.03007366 0.03020824],1,0.8798262717838122
测评后感觉，买的套装里小样快过期，包装还压坏了，活动体验很糟糕。大家怎么看？我是正常偏干，朋友推荐后购买，空瓶半瓶后，鼻翼和脸颊反应最明显。,2026-05-27 22:29:00,99,5,小红书,NewBrand,光感修护精华液,618大促,达人笔记,达人内容质疑,negative,-1.5,1.0,[0.02747916 0.02748148 0.02730422 0.02794822 0.88978691],4,0.8897869136324807
测评后感觉，客服解释成分很专业，售后响应也快，这点比竞品体验好。我是混油皮，小样试用后入正装，用了2次，希望品牌补充适用人群说明。,2026-05-31 07:20:00,40,14,抖音,NewBrand,舒缓保湿面膜,新品上市,电商评价,正向口碑,positive,1.25,1.0,[0.02873752 0.88557856 0.0284947  0.02865828 0.02853095],1,0.8855785572632068
这次屏障修护面霜真的好用，质地清爽不黏，早上上妆也不搓泥，已经准备回购。希望品牌给个明确说明。我是油敏皮，朋友推荐后购买，空瓶半瓶后，后续上妆状态变化很大。,2026-05-26 05:40:00,78,3,京东评价,NewBrand,屏障修护面霜,新品上市,达人笔记,正向口碑,positive,0.7,1.0,[0.02562838 0.0256331  0.02513545 0.89801654 0.02558653],3,0.898016540149412
说实话，达人测评没有夸张，实际使用确实温和，油皮也能接受。希望品牌给个明确说明。我是干敏皮，旗舰店买的，刚上脸10分钟，希望品牌补充适用人群说明。,2026-05-30 15:00:00,74,3,小红书,NewBrand,屏障修护面霜,夏季修护专题,达人笔记,正向口碑,neutral,0.167,0.467,[0.88796567 0.02804592 0.02799353 0.02805308 0.0279418 ],0,0.8879656681118961
测评后感觉，NewBrand这次活动力度一般，赠品多但主品价格没有太大优势。希望品牌给个明确说明。我是正常偏干，大促囤货，用了1周，客服回复会直接影响我是否复购。,2026-05-26 01:38:00,11,4,抖音,NewBrand,舒缓保湿面膜,敏感肌种草,达人笔记,中性观察,negative,-1.5,1.0,[0.02643021 0.02625664 0.02599361 0.02616165 0.89515788],4,0.8951578807954607
姐妹们，质地看着高级，上脸却搓泥，后续上妆完全不服帖，踩雷。大家怎么看？我是痘肌，小样试用后入正装，用了1周，客服回复会直接影响我是否复购。,2026-05-27 10:14:00,47,24,B站,NewBrand,光感修护精华液,618大促,用户评论,售后体验不满,neutral,0.0,0.5,[0.8825611  0.02940593 0.0292088  0.02940445 0.02941973],0,0.882561096085145
竞品A这波新品包装和肤感都比以前细腻，吸收快，味道也克制。大家怎么看？我是痘肌，达人链接下单，用了2次，和同价位竞品对比差异明显。,2026-05-30 15:15:00,26,2,抖音,竞品A,光感修护精华液,618大促,用户评论,正向口碑,positive,1.0,1.0,[0.03014606 0.0302182  0.03024978 0.03028729 0.87909867],4,0.8790986661703594
测评后感觉，买的套装里小样快过期，包装还压坏了，活动体验很糟糕。不建议盲买。我是外油内干，朋友推荐后购买，连续用了3天，鼻翼和脸颊反应最明显。,2026-05-30 04:41:00,113,18,天猫评价,NewBrand,屏障修护面霜,达人测评,用户评论,售后体验不满,negative,-1.5,1.0,[0.02807586 0.02820456 0.02794287 0.02831362 0.8874631 ],4,0.8874630976062962
测评后感觉，达人测评没有夸张，实际使用确实温和，油皮也能接受。希望品牌给个明确说明。我是正常偏干，旗舰店买的，连续用了3天，和同价位竞品对比差异明显。,2026-06-01 07:45:00,103,22,小红书,NewBrand,舒缓保湿面膜,夏季修护专题,短视频评论,正向口碑,neutral,-0.25,0.55,[0.89051674 0.02737997 0.02736084 0.02730861 0.02743384],0,0.8905167406233816
姐妹们，活动价还可以，套装搭配合理，适合第一次尝试这个系列。还会继续观察。我是干敏皮，小样试用后入正装，连续用了3天，客服回复会直接影响我是否复购。,2026-05-30 08:28:00,15,5,小红书,竞品A,温和洁面乳,夏季修护专题,短视频评论,正向口碑,positive,1.0,1.0,[0.02657576 0.02648975 0.02628113 0.02639887 0.89425449],4,0.8942544941602774
姐妹们，看到很多人反馈刺痛，也有人说好用，感觉和肤质关系很大。不建议盲买。我是屏障受损肌，小样试用后入正装，空瓶半瓶后，评论区反馈分化很明显。,2026-05-26 05:01:00,23,1,微博,NewBrand,温和洁面乳,达人测评,达人笔记,中性观察,negative,-1.0,1.0,[0.89415036 0.02648413 0.02627695 0.02648181 0.02660674],0,0.8941503604262397
测评后感觉，包装设计挺好看，但更关心长期使用后的稳定性。不建议盲买。我是正常偏干，大促囤货，用了1周，评论区反馈分化很明显。,2026-05-29 18:22:00,10,3,微博,NewBrand,早C晚A精华套装,夏季修护专题,达人笔记,中性观察,neutral,0.0,0.5,[0.03008895 0.0298284  0.88002435 0.0300377  0.0300206 ],2,0.8800243498497706
用了几天，价格比竞品贵一截，但效果没有宣传那么夸张，感觉被种草文骗了。不建议盲买。我是外油内干，朋友推荐后购买，用了1周，鼻翼和脸颊反应最明显。,2026-05-25 09:50:00,104,6,微博,竞品B,舒缓保湿面膜,达人测评,话题讨论,达人内容质疑,neutral,0.0,0.5,[0.02799581 0.02803502 0.02793831 0.8879139  0.02811697],3,0.8879138975414895
测评后感觉，用了屏障修护面霜之后脸颊刺痛泛红，严重辣脸，第二天还起了小疹子。不建议盲买。我是痘肌，小样试用后入正装，刚上脸10分钟，客服回复会直接影响我是否复购。,2026-06-01 00:08:00,137,34,天猫评价,NewBrand,屏障修护面霜,618大促,达人笔记,广告承诺争议,negative,-0.5,0.8,[0.0249505  0.90097589 0.02457814 0.02472368 0.02477178],1,0.9009758917987618
姐妹们，价格比竞品贵一截，但效果没有宣传那么夸张，感觉被种草文骗了。还会继续观察。我是正常偏干，朋友推荐后购买，连续用了3天，评论区反馈分化很明显。,2026-05-29 06:46:00,59,10,天猫评价,NewBrand,舒缓保湿面膜,达人测评,电商评价,广告承诺争议,neutral,0.0,0.5,[0.02654437 0.02659221 0.02640475 0.89359783 0.02686084],3,0.8935978343897117
敏感肌用光感修护精华液很安心，泛红稳定下来，保湿感也不错。还会继续观察。我是油敏皮，小样试用后入正装，空瓶半瓶后，客服回复会直接影响我是否复购。,2026-05-28 18:21:00,13,3,小红书,NewBrand,光感修护精华液,新品上市,电商评价,正向口碑,positive,0.7,1.0,[0.02651907 0.89476826 0.0261409  0.0262157  0.02635608],1,0.8947682576298646
质地看着高级，上脸却搓泥，后续上妆完全不服帖，踩雷。希望品牌给个明确说明。我是沙漠干皮，大促囤货，用了2次，这个点对敏感肌很关键。,2026-05-27 08:03:00,34,2,微博,竞品B,早C晚A精华套装,敏感肌种草,短视频评论,价格价值争议,negative,-1.0,1.0,[0.87552253 0.03107072 0.03100246 0.03124679 0.03115751],0,0.8755225262029761
测评后感觉，达人笔记全在夸，评论区却很多人说刺激，品牌是不是控评了。还会继续观察。我是油敏皮，达人链接下单，早晚用了4天，客服回复会直接影响我是否复购。,2026-05-28 02:56:00,197,31,抖音,竞品A,光感修护精华液,夏季修护专题,电商评价,售后体验不满,negative,-1.0,1.0,[0.02766802 0.02749761 0.02690274 0.89058914 0.02734249],3,0.8905891408809232
姐妹们，这次屏障修护面霜真的好用，质地清爽不黏，早上上妆也不搓泥，已经准备回购。希望品牌给个明确说明。我是干敏皮，小样试用后入正装，用了2次，后续上妆状态变化很大。,2026-05-28 22:29:00,29,10,天猫评价,NewBrand,屏障修护面霜,新品上市,短视频评论,正向口碑,positive,0.7,1.0,[0.02543919 0.02549297 0.02526969 0.89839049 0.02540766],3,0.8983904880273037
竞品B这次活动力度一般，赠品多但主品价格没有太大优势。还会继续观察。我是沙漠干皮，小样试用后入正装，用了1周，和同价位竞品对比差异明显。,2026-05-25 21:43:00,140,6,天猫评价,竞品B,屏障修护面霜,夏季修护专题,用户评论,中性观察,neutral,0.0,0.5,[0.02719234 0.0272044  0.02726926 0.02727836 0.89105565],4,0.89105564974507
测评后感觉，达人测评没有夸张，实际使用确实温和，油皮也能接受。还会继续观察。我是油敏皮，旗舰店买的，用了1周，评论区反馈分化很明显。,2026-05-29 01:54:00,34,14,小红书,NewBrand,屏障修护面霜,新品上市,达人笔记,正向口碑,negative,-1.5,1.0,[0.88033723 0.02988872 0.02980302 0.02989662 0.03007441],0,0.8803372335207298
温和洁面乳肤感还可以，但功效需要再观察，暂时没有特别惊喜。希望品牌给个明确说明。我是干敏皮，朋友推荐后购买，连续用了3天，鼻翼和脸颊反应最明显。,2026-05-27 07:27:00,56,1,小红书,NewBrand,温和洁面乳,敏感肌种草,用户评论,中性观察,neutral,0.167,0.467,[0.02785865 0.02807002 0.02774374 0.02813747 0.88819013],4,0.8881901266827227
用了几天，质地看着高级，上脸却搓泥，后续上妆完全不服帖，踩雷。不建议盲买。我是油敏皮，旗舰店买的，连续用了3天，后续上妆状态变化很大。,2026-05-28 13:21:00,170,6,小红书,竞品C,光感修护精华液,敏感肌种草,电商评价,售后体验不满,neutral,0.0,0.5,[0.87169597 0.03215273 0.03184262 0.03206324 0.03224544],0,0.8716959663525862
姐妹们，价格比竞品贵一截，但效果没有宣传那么夸张，感觉被种草文骗了。希望品牌给个明确说明。我是干敏皮，小样试用后入正装，空瓶半瓶后，鼻翼和脸颊反应最明显。,2026-05-26 14:22:00,42,47,B站,NewBrand,屏障修护面霜,敏感肌种草,用户评论,价格价值争议,negative,-1.0,1.0,[0.02560358 0.02549886 0.02550432 0.89786967 0.02552357],3,0.897869669906567
姐妹们，这次屏障修护面霜真的好用，质地清爽不黏，早上上妆也不搓泥，已经准备回购。不建议盲买。我是沙漠干皮，大促囤货，空瓶半瓶后，和同价位竞品对比差异明显。,2026-05-31 08:58:00,17,3,微博,NewBrand,屏障修护面霜,618大促,短视频评论,正向口碑,positive,0.625,0.925,[0.02498553 0.02516255 0.02502055 0.89980246 0.02502891],3,0.8998024647385688
用了几天，包装设计挺好看，但更关心长期使用后的稳定性。还会继续观察。我是油敏皮，直播间入手，用了1周，鼻翼和脸颊反应最明显。,2026-05-24 11:14:00,6,0,B站,竞品B,光感修护精华液,达人测评,用户评论,中性观察,neutral,0.0,0.5,[0.03033396 0.0302987  0.8786121  0.03040407 0.03035117],2,0.8786121033281535
价格比竞品贵一截，但效果没有宣传那么夸张，感觉被种草文骗了。还会继续观察。我是痘肌，朋友推荐后购买，空瓶半瓶后，和同价位竞品对比差异明显。,2026-05-29 16:09:00,42,39,京东评价,竞品C,屏障修护面霜,敏感肌种草,话题讨论,价格价值争议,neutral,0.0,0.5,[0.02719453 0.02718221 0.02719156 0.89116084 0.02727085],3,0.8911608365890221
说实话，买的套装里小样快过期，包装还压坏了，活动体验很糟糕。不建议盲买。我是屏障受损肌，旗舰店买的，早晚用了4天，后续上妆状态变化很大。,2026-06-01 02:18:00,80,9,京东评价,竞品C,光感修护精华液,夏季修护专题,短视频评论,价格价值争议,negative,-1.5,1.0,[0.02918512 0.02923268 0.02897153 0.02914986 0.88346081],4,0.8834608096668669
姐妹们，客服一直让我再观察，没有给明确处理方案，售后体验真的差。我是外油内干，小样试用后入正装，用了1周，鼻翼和脸颊反应最明显。,2026-05-29 16:11:00,101,55,微博,竞品C,早C晚A精华套装,新品上市,短视频评论,售后体验不满,positive,1.5,1.0,[0.02940168 0.02955135 0.02935315 0.88224403 0.02944979],3,0.882244031117801
用了几天，用了三天爆痘，停用后才慢慢好，不敢继续用了。我是沙漠干皮，达人链接下单，早晚用了4天，和同价位竞品对比差异明显。,2026-05-28 20:02:00,96,18,微博,竞品B,光感修护精华液,达人测评,短视频评论,达人内容质疑,neutral,0.0,0.3,[0.03130632 0.03154101 0.03126808 0.03170119 0.8741834 ],4,0.8741834027550547
保湿和提亮都比较自然，不是那种立刻假白的效果。不建议盲买。我是油敏皮，直播间入手，空瓶半瓶后，大促期间看到很多类似反馈。,2026-05-30 23:30:00,17,8,B站,NewBrand,舒缓保湿面膜,达人测评,短视频评论,正向口碑,positive,1.0,1.0,[0.89043757 0.02741286 0.02721379 0.02728694 0.02764884],0,0.8904375678694791
用了几天，价格比竞品贵一截，但效果没有宣传那么夸张，感觉被种草文骗了。大家怎么看？我是屏障受损肌，朋友推荐后购买，用了1周，客服回复会直接影响我是否复购。,2026-05-31 10:36:00,249,12,天猫评价,NewBrand,舒缓保湿面膜,618大促,达人笔记,达人内容质疑,neutral,0.0,0.5,[0.02738759 0.02716467 0.02659066 0.89176429 0.02709279],3,0.8917642852164321
竞品B这次活动力度一般，赠品多但主品价格没有太大优势。大家怎么看？我是屏障受损肌，大促囤货，用了1周，后续上妆状态变化很大。,2026-05-29 12:33:00,57,7,小红书,竞品B,舒缓保湿面膜,618大促,用户评论,中性观察,neutral,0.0,0.5,[0.02996897 0.02991054 0.02977644 0.03004428 0.88029976],4,0.8802997596574718
姐妹们，达人测评没有夸张，实际使用确实温和，油皮也能接受。希望品牌给个明确说明。我是正常偏干，小样试用后入正装，空瓶半瓶后，客服回复会直接影响我是否复购。,2026-06-01 07:58:00,87,52,B站,NewBrand,舒缓保湿面膜,夏季修护专题,达人笔记,正向口碑,neutral,-0.25,0.55,[0.89967135 0.02508563 0.02501104 0.02509747 0.02513451],0,0.8996713513983817
质地看着高级，上脸却搓泥，后续上妆完全不服帖，踩雷。希望品牌给个明确说明。我是正常偏干，旗舰店买的，空瓶半瓶后，鼻翼和脸颊反应最明显。,2026-05-28 08:07:00,240,11,B站,NewBrand,早C晚A精华套装,敏感肌种草,电商评价,售后体验不满,negative,-1.0,1.0,[0.88356948 0.02884581 0.02862519 0.02998045 0.02897907],0,0.8835694761274108
说实话，用了三天爆痘，停用后才慢慢好，不敢继续用了。不建议盲买。我是正常偏干，达人链接下单，用了2次，鼻翼和脸颊反应最明显。,2026-05-25 06:03:00,58,11,京东评价,竞品B,舒缓保湿面膜,618大促,电商评价,广告承诺争议,neutral,0.0,0.3,[0.03090854 0.03094852 0.03075648 0.03120063 0.87618583],4,0.8761858325794318
说实话，买的套装里小样快过期，包装还压坏了，活动体验很糟糕。不建议盲买。我是混油皮，旗舰店买的，连续用了3天，大促期间看到很多类似反馈。,2026-05-24 14:37:00,117,30,微博,竞品C,光感修护精华液,新品上市,达人笔记,价格价值争议,negative,-1.5,1.0,[0.02878045 0.02854723 0.02834674 0.02854893 0.88577665],4,0.8857766481793184
姐妹们，用了温和洁面乳之后脸颊刺痛泛红，严重辣脸，第二天还起了小疹子。还会继续观察。我是混油皮，直播间入手，连续用了3天，大促期间看到很多类似反馈。,2026-05-24 17:35:00,164,10,天猫评价,NewBrand,温和洁面乳,达人测评,达人笔记,价格价值争议,negative,-0.5,0.8,[0.02697957 0.89271895 0.02656755 0.02665193 0.027082  ],1,0.8927189481980112
测评后感觉，NewBrand这次活动力度一般，赠品多但主品价格没有太大优势。希望品牌给个明确说明。我是油敏皮，大促囤货，空瓶半瓶后，客服回复会直接影响我是否复购。,2026-05-28 13:28:00,26,3,B站,NewBrand,屏障修护面霜,新品上市,短视频评论,中性观察,negative,-1.5,1.0,[0.02576806 0.02560844 0.02529732 0.0255242  0.89780198],4,0.8978019806333277
姐妹们，活动价还可以，套装搭配合理，适合第一次尝试这个系列。还会继续观察。我是油敏皮，直播间入手，连续用了3天，这个点对敏感肌很关键。,2026-05-31 20:34:00,32,7,天猫评价,竞品B,光感修护精华液,敏感肌种草,用户评论,正向口碑,positive,1.0,1.0,[0.03031437 0.02994785 0.02986313 0.02981049 0.88006416],4,0.8800641637553924
姐妹们，包装设计挺好看，但更关心长期使用后的稳定性。希望品牌给个明确说明。我是正常偏干，直播间入手，连续用了3天，希望品牌补充适用人群说明。,2026-05-28 06:59:00,43,7,B站,NewBrand,屏障修护面霜,新品上市,短视频评论,中性观察,positive,1.0,1.0,[0.02890103 0.02890007 0.88471889 0.02871183 0.02876817],2,0.8847188942689461
说实话，质地看着高级，上脸却搓泥，后续上妆完全不服帖，踩雷。还会继续观察。我是混油皮，直播间入手，连续用了3天，希望品牌补充适用人群说明。,2026-05-25 23:49:00,22,51,天猫评价,竞品C,屏障修护面霜,新品上市,话题讨论,售后体验不满,negative,-1.0,1.0,[0.8845546  0.0289578  0.02873904 0.02884969 0.02889887],0,0.8845545953736702
竞品最近也在推类似概念，想看更真实的横评对比。希望品牌给个明确说明。我是沙漠干皮，旗舰店买的，空瓶半瓶后，客服回复会直接影响我是否复购。,2026-05-31 18:16:00,50,2,抖音,竞品C,舒缓保湿面膜,618大促,达人笔记,中性观察,positive,1.0,1.0,[0.47484974 0.02836284 0.4398298  0.02867117 0.02828644],0,0.47484973925086577
姐妹们，成分表看起来偏修护，敏感肌最好先做局部测试。不建议盲买。我是外油内干，旗舰店买的，用了1周，和同价位竞品对比差异明显。,2026-05-29 14:36:00,46,10,微博,NewBrand,光感修护精华液,敏感肌种草,话题讨论,中性观察,positive,1.0,1.0,[0.03129439 0.0314002  0.87453466 0.03132591 0.03144484],2,0.8745346621504949
用了几天，用了早C晚A精华套装之后脸颊刺痛泛红，严重辣脸，第二天还起了小疹子。我是油敏皮，旗舰店买的，空瓶半瓶后，后续上妆状态变化很大。,2026-05-30 05:59:00,233,25,小红书,竞品A,早C晚A精华套装,敏感肌种草,电商评价,价格价值争议,negative,-1.0,1.0,[0.02966278 0.88155078 0.0292865  0.02963399 0.02986594],1,0.8815507840060337
说实话，这次早C晚A精华套装真的好用，质地清爽不黏，早上上妆也不搓泥，已经准备回购。还会继续观察。我是混油皮，旗舰店买的，刚上脸10分钟，这个点对敏感肌很关键。,2026-05-30 06:23:00,60,9,抖音,竞品C,早C晚A精华套装,新品上市,用户评论,正向口碑,positive,0.5,0.8,[0.02701815 0.027205   0.02679462 0.89081325 0.02816898],3,0.8908132506083983
说实话，温和洁面乳肤感还可以，但功效需要再观察，暂时没有特别惊喜。还会继续观察。我是干敏皮，朋友推荐后购买，用了1周，大促期间看到很多类似反馈。,2026-05-28 11:52:00,32,3,微博,NewBrand,温和洁面乳,敏感肌种草,短视频评论,中性观察,neutral,-0.25,0.55,[0.02758245 0.02760957 0.02719879 0.0272456  0.89036358],4,0.8903635849538932
保湿和提亮都比较自然，不是那种立刻假白的效果。我是混油皮，大促囤货，连续用了3天，后续上妆状态变化很大。,2026-05-24 15:14:00,88,3,B站,NewBrand,舒缓保湿面膜,达人测评,电商评价,正向口碑,positive,1.0,1.0,[0.87790022 0.03056516 0.03035657 0.03052085 0.0306572 ],0,0.8779002151294582
达人笔记全在夸，评论区却很多人说刺激，品牌是不是控评了。不建议盲买。我是沙漠干皮，大促囤货，空瓶半瓶后，鼻翼和脸颊反应最明显。,2026-05-25 13:02:00,47,7,B站,NewBrand,屏障修护面霜,618大促,达人笔记,产品质量风险,negative,-1.0,1.0,[0.0285415  0.02859079 0.02847356 0.88577055 0.0286236 ],3,0.8857705538633664
说实话，竞品最近也在推类似概念，想看更真实的横评对比。还会继续观察。我是外油内干，直播间入手，空瓶半瓶后，后续上妆状态变化很大。,2026-05-29 21:43:00,21,9,天猫评价,NewBrand,温和洁面乳,夏季修护专题,话题讨论,中性观察,neutral,0.0,0.5,[0.02918277 0.02901838 0.45932118 0.02911838 0.45335928],2,0.4593211813971947
测评后感觉，客服回复速度还行，但对过敏问题的解释比较模板化。还会继续观察。我是油敏皮，旗舰店买的，早晚用了4天，后续上妆状态变化很大。,2026-05-27 11:52:00,26,1,天猫评价,竞品B,屏障修护面霜,618大促,电商评价,中性观察,negative,-1.0,1.0,[0.02913155 0.88428276 0.02858276 0.02885155 0.02915139],1,0.8842827610461249
姐妹们，客服回复速度还行，但对过敏问题的解释比较模板化。我是正常偏干，小样试用后入正装，连续用了3天，大促期间看到很多类似反馈。,2026-05-31 16:22:00,81,10,抖音,竞品B,早C晚A精华套装,夏季修护专题,话题讨论,中性观察,negative,-1.0,1.0,[0.02806478 0.8883197  0.02773048 0.02775167 0.02813337],1,0.8883196955657081
用了几天，竞品A这次活动力度一般，赠品多但主品价格没有太大优势。还会继续观察。我是油敏皮，朋友推荐后购买，刚上脸10分钟，鼻翼和脸颊反应最明显。,2026-06-01 00:07:00,2,1,B站,竞品A,舒缓保湿面膜,新品上市,话题讨论,中性观察,neutral,0.0,0.5,[0.02649865 0.02642538 0.02629706 0.02655358 0.89422533],4,0.8942253273921497
连续用了一周，早C晚A精华套装对换季干燥有改善，修护感很明显。还会继续观察。我是痘肌，大促囤货，用了2次，评论区反馈分化很明显。,2026-05-31 15:23:00,65,4,抖音,NewBrand,早C晚A精华套装,敏感肌种草,话题讨论,正向口碑,positive,1.0,1.0,[0.03071018 0.87665261 0.03072183 0.03080615 0.03110923],1,0.876652613242547
用了几天，这次光感修护精华液真的好用，质地清爽不黏，早上上妆也不搓泥，已经准备回购。大家怎么看？我是油敏皮，朋友推荐后购买，连续用了3天，大促期间看到很多类似反馈。,2026-05-31 08:51:00,62,6,抖音,NewBrand,光感修护精华液,夏季修护专题,短视频评论,正向口碑,positive,0.625,0.925,[0.02575694 0.02603573 0.02524655 0.66495515 0.25800563],3,0.664955150603357
姐妹们，竞品A这次活动力度一般，赠品多但主品价格没有太大优势。希望品牌给个明确说明。我是外油内干，大促囤货，刚上脸10分钟，后续上妆状态变化很大。,2026-05-30 06:05:00,32,15,微博,竞品A,光感修护精华液,618大促,达人笔记,中性观察,negative,-1.5,1.0,[0.02682491 0.02657419 0.0264648  0.02655972 0.89357638],4,0.8935763820054393
买的套装里小样快过期，包装还压坏了，活动体验很糟糕。还会继续观察。我是干敏皮，朋友推荐后购买，连续用了3天，评论区反馈分化很明显。,2026-05-29 07:28:00,98,34,抖音,NewBrand,舒缓保湿面膜,夏季修护专题,电商评价,广告承诺争议,negative,-1.5,1.0,[0.02855178 0.02861992 0.02852943 0.02858898 0.88570989],4,0.885709885654384
用了几天，看到很多人反馈刺痛，也有人说好用，感觉和肤质关系很大。不建议盲买。我是正常偏干，小样试用后入正装，空瓶半瓶后，希望品牌补充适用人群说明。,2026-05-31 20:14:00,54,2,微博,NewBrand,光感修护精华液,夏季修护专题,达人笔记,中性观察,negative,-1.0,1.0,[0.89667893 0.02583323 0.02577373 0.02590505 0.02580906],0,0.8966789317047155
用了几天，活动价还可以，套装搭配合理，适合第一次尝试这个系列。还会继续观察。我是痘肌，小样试用后入正装，刚上脸10分钟，希望品牌补充适用人群说明。,2026-05-29 07:04:00,41,1,抖音,竞品B,舒缓保湿面膜,达人测评,用户评论,正向口碑,positive,1.0,1.0,[0.02682616 0.02672336 0.02674113 0.02663301 0.89307634],4,0.8930763439637385
用了几天，NewBrand这波新品包装和肤感都比以前细腻，吸收快，味道也克制。我是沙漠干皮，小样试用后入正装，空瓶半瓶后，和同价位竞品对比差异明显。,2026-05-25 04:36:00,193,2,微博,NewBrand,屏障修护面霜,新品上市,用户评论,正向口碑,positive,1.0,1.0,[0.02664338 0.02661336 0.02677531 0.02670715 0.8932608 ],4,0.8932607975466162
价格比竞品贵一截，但效果没有宣传那么夸张，感觉被种草文骗了。我是沙漠干皮，大促囤货，用了2次，鼻翼和脸颊反应最明显。,2026-05-29 05:04:00,108,4,京东评价,NewBrand,舒缓保湿面膜,新品上市,话题讨论,价格价值争议,neutral,0.0,0.5,[0.03012067 0.03016525 0.03013201 0.87944436 0.03013772],3,0.8794443551326063
用了几天，用了光感修护精华液之后脸颊刺痛泛红，严重辣脸，第二天还起了小疹子。还会继续观察。我是油敏皮，大促囤货，用了2次，这个点对敏感肌很关键。,2026-05-24 13:51:00,129,41,微博,竞品B,光感修护精华液,达人测评,短视频评论,产品质量风险,negative,-0.5,0.8,[0.02878535 0.88440803 0.02889597 0.0288367  0.02907396],1,0.8844080280931692
用了几天，保湿和提亮都比较自然，不是那种立刻假白的效果。我是屏障受损肌，小样试用后入正装，用了1周，评论区反馈分化很明显。,2026-05-27 07:44:00,63,6,微博,竞品C,早C晚A精华套装,夏季修护专题,达人笔记,正向口碑,positive,1.0,1.0,[0.88428739 0.0289095  0.02876979 0.02907936 0.02895395],0,0.8842873907928692
测评后感觉，买的套装里小样快过期，包装还压坏了，活动体验很糟糕。还会继续观察。我是屏障受损肌，大促囤货，空瓶半瓶后，评论区反馈分化很明显。,2026-05-31 13:26:00,54,12,抖音,竞品B,舒缓保湿面膜,敏感肌种草,话题讨论,达人内容质疑,negative,-1.5,1.0,[0.02711945 0.02704575 0.02698163 0.02716142 0.89169175],4,0.8916917536522799
测评后感觉，看到很多人反馈刺痛，也有人说好用，感觉和肤质关系很大。我是外油内干，小样试用后入正装，用了1周，客服回复会直接影响我是否复购。,2026-05-25 18:44:00,27,11,微博,NewBrand,光感修护精华液,618大促,电商评价,中性观察,negative,-1.0,1.0,[0.89020995 0.02752274 0.0273145  0.02746177 0.02749105],0,0.8902099488278123
用了几天，竞品最近也在推类似概念，想看更真实的横评对比。我是油敏皮，小样试用后入正装，用了1周，评论区反馈分化很明显。,2026-05-26 14:38:00,67,5,京东评价,竞品B,早C晚A精华套装,达人测评,电商评价,中性观察,neutral,0.0,0.5,[0.03121096 0.03122588 0.87483996 0.03143755 0.03128566],2,0.8748399607299282
用了几天，保湿和提亮都比较自然，不是那种立刻假白的效果。还会继续观察。我是干敏皮，直播间入手，早晚用了4天，客服回复会直接影响我是否复购。,2026-05-25 13:37:00,58,1,抖音,竞品A,光感修护精华液,618大促,电商评价,正向口碑,positive,1.0,1.0,[0.89275858 0.02689572 0.0267976  0.026767   0.0267811 ],0,0.892758577951808
测评后感觉，买的套装里小样快过期，包装还压坏了，活动体验很糟糕。大家怎么看？我是外油内干，朋友推荐后购买，用了2次，后续上妆状态变化很大。,2026-05-27 08:14:00,50,9,小红书,NewBrand,舒缓保湿面膜,618大促,话题讨论,售后体验不满,negative,-1.5,1.0,[0.02936402 0.02920119 0.02901426 0.02936671 0.88305381],4,0.8830538140860191
姐妹们，光感修护精华液肤感还可以，但功效需要再观察，暂时没有特别惊喜。大家怎么看？我是屏障受损肌，小样试用后入正装，刚上脸10分钟，大促期间看到很多类似反馈。,2026-05-28 00:38:00,6,5,B站,NewBrand,光感修护精华液,敏感肌种草,用户评论,中性观察,neutral,-0.25,0.55,[0.02523685 0.02584769 0.02515287 0.02529631 0.89846628],4,0.8984662845119606
质地看着高级，上脸却搓泥，后续上妆完全不服帖，踩雷。不建议盲买。我是混油皮，小样试用后入正装，用了1周，客服回复会直接影响我是否复购。,2026-05-31 08:23:00,235,25,微博,竞品B,温和洁面乳,达人测评,话题讨论,售后体验不满,neutral,0.0,0.5,[0.88540841 0.0287293  0.02851525 0.02867222 0.02867482],0,0.8854084086869022
用了几天，NewBrand广告说温和修护，但我用完明显过敏，这种宣传太离谱。不建议盲买。我是干敏皮，小样试用后入正装，空瓶半瓶后，大促期间看到很多类似反馈。,2026-05-29 22:24:00,143,15,B站,NewBrand,屏障修护面霜,新品上市,短视频评论,广告承诺争议,neutral,-0.125,0.425,[0.02617003 0.89331588 0.02626383 0.02745851 0.02679175],1,0.8933158800005334
姐妹们，竞品最近也在推类似概念，想看更真实的横评对比。还会继续观察。我是油敏皮，小样试用后入正装，刚上脸10分钟，评论区反馈分化很明显。,2026-05-27 03:58:00,2,18,微博,竞品B,早C晚A精华套装,新品上市,电商评价,中性观察,neutral,0.0,0.5,[0.0274832  0.02748949 0.88998638 0.02741726 0.02762367],2,0.8899863783597337
用了几天，保湿和提亮都比较自然，不是那种立刻假白的效果。大家怎么看？我是混油皮，直播间入手，空瓶半瓶后，和同价位竞品对比差异明显。,2026-05-26 17:10:00,34,5,抖音,NewBrand,温和洁面乳,达人测评,达人笔记,正向口碑,positive,1.0,1.0,[0.88763912 0.02809943 0.02806234 0.02807682 0.02812229],0,0.8876391238269119
测评后感觉，NewBrand这次活动力度一般，赠品多但主品价格没有太大优势。大家怎么看？我是沙漠干皮，直播间入手，刚上脸10分钟，评论区反馈分化很明显。,2026-05-26 09:39:00,61,7,京东评价,NewBrand,早C晚A精华套装,夏季修护专题,短视频评论,中性观察,neutral,0.0,0.5,[0.02699555 0.02697545 0.02683563 0.02700091 0.89219246],4,0.8921924572105964
温和洁面乳肤感还可以，但功效需要再观察，暂时没有特别惊喜。希望品牌给个明确说明。我是痘肌，朋友推荐后购买，连续用了3天，客服回复会直接影响我是否复购。,2026-05-30 16:06:00,101,9,微博,竞品B,温和洁面乳,夏季修护专题,短视频评论,中性观察,neutral,0.167,0.467,[0.02752533 0.02748905 0.02689876 0.02714184 0.89094502],4,0.8909450200071191
活动价还可以，套装搭配合理，适合第一次尝试这个系列。我是沙漠干皮，旗舰店买的，早晚用了4天，希望品牌补充适用人群说明。,2026-05-31 07:18:00,92,7,天猫评价,竞品B,早C晚A精华套装,618大促,达人笔记,正向口碑,positive,1.0,1.0,[0.03083403 0.03099879 0.03066288 0.03095282 0.87655148],4,0.8765514760269492
姐妹们，活动价还可以，套装搭配合理，适合第一次尝试这个系列。不建议盲买。我是屏障受损肌，达人链接下单，用了2次，大促期间看到很多类似反馈。,2026-05-25 06:02:00,5,17,京东评价,NewBrand,舒缓保湿面膜,夏季修护专题,达人笔记,正向口碑,positive,1.0,1.0,[0.02802762 0.02803472 0.02780551 0.0279085  0.88822365],4,0.8882236531430119
包装设计挺好看，但更关心长期使用后的稳定性。不建议盲买。我是沙漠干皮，大促囤货，空瓶半瓶后，和同价位竞品对比差异明显。,2026-05-26 19:56:00,42,2,小红书,NewBrand,屏障修护面霜,敏感肌种草,达人笔记,中性观察,neutral,0.0,0.5,[0.02897067 0.0290936  0.88274948 0.0298772  0.02930905],2,0.8827494783999816
达人测评没有夸张，实际使用确实温和，油皮也能接受。希望品牌给个明确说明。我是外油内干，大促囤货，早晚用了4天，客服回复会直接影响我是否复购。,2026-06-01 05:42:00,61,5,微博,NewBrand,光感修护精华液,达人测评,话题讨论,正向口碑,neutral,-0.25,0.55,[0.89057326 0.02746604 0.02720703 0.02737794 0.02737574],0,0.8905732598927204
保湿和提亮都比较自然，不是那种立刻假白的效果。希望品牌给个明确说明。我是外油内干，小样试用后入正装，刚上脸10分钟，鼻翼和脸颊反应最明显。,2026-05-25 23:27:00,9,1,微博,NewBrand,屏障修护面霜,敏感肌种草,话题讨论,正向口碑,positive,0.333,0.633,[0.89574408 0.02606655 0.02592208 0.02620406 0.02606323],0,0.8957440787994376
说实话，客服解释成分很专业，售后响应也快，这点比竞品体验好。大家怎么看？我是油敏皮，小样试用后入正装，用了1周，这个点对敏感肌很关键。,2026-05-31 07:57:00,21,0,天猫评价,NewBrand,早C晚A精华套装,达人测评,短视频评论,正向口碑,positive,1.5,1.0,[0.03008998 0.87955712 0.03001596 0.03014286 0.03019408],1,0.8795571205833893
保湿和提亮都比较自然，不是那种立刻假白的效果。我是混油皮，旗舰店买的，用了2次，这个点对敏感肌很关键。,2026-05-28 18:32:00,112,16,微博,竞品A,温和洁面乳,618大促,达人笔记,正向口碑,positive,1.0,1.0,[0.86340901 0.03408609 0.03400425 0.03415712 0.03434353],0,0.8634090120592598
用了几天，连续用了一周，早C晚A精华套装对换季干燥有改善，修护感很明显。还会继续观察。我是干敏皮，达人链接下单，早晚用了4天，希望品牌补充适用人群说明。,2026-05-26 21:24:00,46,6,京东评价,竞品A,早C晚A精华套装,夏季修护专题,电商评价,正向口碑,positive,1.167,1.0,[0.02782941 0.8883901  0.02789631 0.02785882 0.02802536],1,0.8883901030145783
说实话，看到很多人反馈刺痛，也有人说好用，感觉和肤质关系很大。还会继续观察。我是混油皮，小样试用后入正装，刚上脸10分钟，希望品牌补充适用人群说明。,2026-05-26 11:35:00,105,4,小红书,NewBrand,光感修护精华液,达人测评,用户评论,中性观察,neutral,0.0,0.3,[0.89748853 0.02568555 0.02556675 0.02558278 0.02567639],0,0.8974885301045035
用了几天，活动价还可以，套装搭配合理，适合第一次尝试这个系列。还会继续观察。我是正常偏干，直播间入手，刚上脸10分钟，客服回复会直接影响我是否复购。,2026-05-31 19:10:00,121,21,B站,NewBrand,舒缓保湿面膜,618大促,达人笔记,正向口碑,positive,1.0,1.0,[0.02639175 0.02604693 0.02571304 0.02577692 0.89607136],4,0.8960713566542122
用了几天，竞品最近也在推类似概念，想看更真实的横评对比。希望品牌给个明确说明。我是混油皮，小样试用后入正装，连续用了3天，和同价位竞品对比差异明显。,2026-05-25 15:15:00,80,3,天猫评价,NewBrand,屏障修护面霜,达人测评,达人笔记,中性观察,positive,1.0,1.0,[0.02941206 0.02841374 0.88539615 0.02827678 0.02850127],2,0.8853961535808523
说实话，质地看着高级，上脸却搓泥，后续上妆完全不服帖，踩雷。不建议盲买。我是干敏皮，朋友推荐后购买，空瓶半瓶后，大促期间看到很多类似反馈。,2026-05-24 13:45:00,234,32,微博,NewBrand,屏障修护面霜,新品上市,达人笔记,产品质量风险,neutral,0.0,0.5,[0.88908093 0.02783017 0.0273814  0.02767036 0.02803714],0,0.8890809303704291
连续用了一周，屏障修护面霜对换季干燥有改善，修护感很明显。大家怎么看？我是痘肌，直播间入手，用了2次，评论区反馈分化很明显。,2026-05-25 10:01:00,30,10,微博,NewBrand,屏障修护面霜,夏季修护专题,达人笔记,正向口碑,positive,1.0,1.0,[0.03195429 0.87201364 0.0319095  0.03207467 0.03204789],1,0.8720136447232996
测评后感觉，NewBrand这波新品包装和肤感都比以前细腻，吸收快，味道也克制。大家怎么看？我是油敏皮，达人链接下单，用了1周，这个点对敏感肌很关键。,2026-05-24 18:06:00,81,2,小红书,NewBrand,屏障修护面霜,达人测评,达人笔记,正向口碑,positive,1.0,1.0,[0.02968365 0.02974291 0.0295853  0.02972265 0.8812655 ],4,0.8812654990160138
说实话，达人笔记全在夸，评论区却很多人说刺激，品牌是不是控评了。我是沙漠干皮，直播间入手，刚上脸10分钟，大促期间看到很多类似反馈。,2026-05-24 12:50:00,213,22,京东评价,竞品A,舒缓保湿面膜,敏感肌种草,用户评论,售后体验不满,negative,-1.0,1.0,[0.02836541 0.02815853 0.02795561 0.51858707 0.39693339],3,0.5185870720486363
用了几天，客服一直让我再观察，没有给明确处理方案，售后体验真的差。大家怎么看？我是痘肌，旗舰店买的，早晚用了4天，和同价位竞品对比差异明显。,2026-05-31 14:30:00,179,24,抖音,竞品A,温和洁面乳,夏季修护专题,短视频评论,达人内容质疑,positive,1.5,1.0,[0.03025411 0.03049376 0.03020789 0.87871076 0.03033348],3,0.8787107640604455
姐妹们，买的套装里小样快过期，包装还压坏了，活动体验很糟糕。大家怎么看？我是痘肌，小样试用后入正装，空瓶半瓶后，鼻翼和脸颊反应最明显。,2026-05-31 10:05:00,48,23,抖音,竞品A,温和洁面乳,夏季修护专题,话题讨论,价格价值争议,negative,-1.5,1.0,[0.02915169 0.02908027 0.02904761 0.02968855 0.88303188],4,0.8830318780588302
说实话，价格比竞品贵一截，但效果没有宣传那么夸张，感觉被种草文骗了。还会继续观察。我是正常偏干，大促囤货，空瓶半瓶后，鼻翼和脸颊反应最明显。,2026-06-01 00:29:00,100,21,B站,NewBrand,早C晚A精华套装,新品上市,用户评论,达人内容质疑,neutral,0.0,0.5,[0.02640373 0.02636535 0.02635234 0.89435133 0.02652725],3,0.8943513294894787
姐妹们，如果后续能补充第三方检测和适用人群说明，会更放心。大家怎么看？我是屏障受损肌，达人链接下单，刚上脸10分钟，这个点对敏感肌很关键。,2026-05-28 01:58:00,68,0,京东评价,竞品C,早C晚A精华套装,新品上市,话题讨论,中性观察,neutral,0.0,0.5,[0.03017797 0.03022829 0.03002385 0.87921123 0.03035866],3,0.8792112286784831
连续用了一周，舒缓保湿面膜对换季干燥有改善，修护感很明显。大家怎么看？我是屏障受损肌，大促囤货，用了1周，大促期间看到很多类似反馈。,2026-05-28 18:38:00,7,15,抖音,竞品A,舒缓保湿面膜,达人测评,话题讨论,正向口碑,positive,1.0,1.0,[0.02854601 0.88601832 0.02823198 0.02843742 0.02876627],1,0.8860183224237689
说实话，买的套装里小样快过期，包装还压坏了，活动体验很糟糕。希望品牌给个明确说明。我是混油皮，朋友推荐后购买，刚上脸10分钟，后续上妆状态变化很大。,2026-05-25 20:34:00,131,13,天猫评价,竞品A,屏障修护面霜,夏季修护专题,电商评价,价格价值争议,neutral,-0.25,0.55,[0.02671993 0.02657219 0.02637749 0.0265285  0.89380189],4,0.8938018903735147
说实话，客服回复速度还行，但对过敏问题的解释比较模板化。不建议盲买。我是沙漠干皮，旗舰店买的，用了2次，鼻翼和脸颊反应最明显。,2026-05-29 09:49:00,7,7,天猫评价,NewBrand,屏障修护面霜,新品上市,话题讨论,中性观察,negative,-1.0,1.0,[0.03001506 0.87922851 0.02996346 0.03058622 0.03020676],1,0.8792285057224589
用了几天，竞品C这次活动力度一般，赠品多但主品价格没有太大优势。希望品牌给个明确说明。我是正常偏干，旗舰店买的，连续用了3天，评论区反馈分化很明显。,2026-05-26 15:19:00,123,0,小红书,竞品C,早C晚A精华套装,敏感肌种草,短视频评论,中性观察,negative,-1.5,1.0,[0.02753829 0.02751203 0.02749083 0.0275241  0.88993475],4,0.8899347465592212
说实话，达人笔记全在夸，评论区却很多人说刺激，品牌是不是控评了。我是外油内干，直播间入手，早晚用了4天，评论区反馈分化很明显。,2026-06-01 08:48:00,75,26,抖音,竞品B,温和洁面乳,达人测评,电商评价,达人内容质疑,negative,-1.0,1.0,[0.03168978 0.03152081 0.03151316 0.87359301 0.03168323],3,0.8735930074566908
姐妹们，NewBrand广告说温和修护，但我用完明显过敏，这种宣传太离谱。我是沙漠干皮，小样试用后入正装，早晚用了4天，和同价位竞品对比差异明显。,2026-05-30 09:28:00,48,40,抖音,NewBrand,光感修护精华液,敏感肌种草,达人笔记,售后体验不满,neutral,-0.125,0.425,[0.02803306 0.88783129 0.02801341 0.02805994 0.0280623 ],1,0.8878312927421441
活动价还可以，套装搭配合理，适合第一次尝试这个系列。还会继续观察。我是正常偏干，朋友推荐后购买，用了1周，后续上妆状态变化很大。,2026-05-31 18:51:00,42,6,微博,NewBrand,温和洁面乳,达人测评,达人笔记,正向口碑,positive,1.0,1.0,[0.02848954 0.02839283 0.02828194 0.02839929 0.8864364 ],4,0.8864363959571487
成分表看起来偏修护，敏感肌最好先做局部测试。还会继续观察。我是干敏皮，旗舰店买的，用了1周，希望品牌补充适用人群说明。,2026-05-28 20:54:00,21,3,微博,竞品C,早C晚A精华套装,618大促,短视频评论,中性观察,positive,1.0,1.0,[0.03142021 0.0315038  0.87426839 0.03135221 0.0314554 ],2,0.8742683881718907
竞品B广告说温和修护，但我用完明显过敏，这种宣传太离谱。不建议盲买。我是痘肌，大促囤货，用了1周，大促期间看到很多类似反馈。,2026-05-29 10:07:00,187,6,天猫评价,竞品B,温和洁面乳,618大促,话题讨论,售后体验不满,neutral,-0.125,0.425,[0.02988148 0.88077029 0.02962085 0.02969868 0.0300287 ],1,0.8807702888687148
说实话，用了三天爆痘，停用后才慢慢好，不敢继续用了。希望品牌给个明确说明。我是屏障受损肌，朋友推荐后购买，用了1周，后续上妆状态变化很大。,2026-05-29 07:55:00,40,58,小红书,竞品C,光感修护精华液,618大促,短视频评论,达人内容质疑,positive,0.333,0.633,[0.02887111 0.0287482  0.02852666 0.02875208 0.88510195],4,0.8851019546745073
姐妹们，活动价还可以，套装搭配合理，适合第一次尝试这个系列。还会继续观察。我是干敏皮，小样试用后入正装，用了1周，鼻翼和脸颊反应最明显。,2026-06-01 05:43:00,110,3,京东评价,NewBrand,光感修护精华液,敏感肌种草,用户评论,正向口碑,positive,1.0,1.0,[0.02795099 0.02801922 0.02805696 0.02829781 0.88767502],4,0.8876750210069363
测评后感觉，客服回复速度还行，但对过敏问题的解释比较模板化。希望品牌给个明确说明。我是屏障受损肌，朋友推荐后购买，用了1周，后续上妆状态变化很大。,2026-05-29 03:55:00,34,27,微博,NewBrand,温和洁面乳,618大促,电商评价,中性观察,neutral,0.0,0.3,[0.02750776 0.89049474 0.0269106  0.02730929 0.02777761],1,0.8904947421437643
说实话，买的套装里小样快过期，包装还压坏了，活动体验很糟糕。不建议盲买。我是外油内干，直播间入手，空瓶半瓶后，评论区反馈分化很明显。,2026-05-26 06:28:00,57,9,天猫评价,NewBrand,舒缓保湿面膜,夏季修护专题,达人笔记,广告承诺争议,negative,-1.5,1.0,[0.02859991 0.02858799 0.02848904 0.02863124 0.88569183],4,0.8856918310167564
测评后感觉，客服一直让我再观察，没有给明确处理方案，售后体验真的差。大家怎么看？我是屏障受损肌，旗舰店买的，空瓶半瓶后，大促期间看到很多类似反馈。,2026-05-31 15:20:00,105,13,B站,竞品A,温和洁面乳,新品上市,话题讨论,广告承诺争议,positive,1.5,1.0,[0.02725071 0.02733174 0.0268105  0.63494868 0.28365837],3,0.6349486801403506
看到好几个姐妹说NewBrand这支精华液辣脸，我也是同样刺痛，广告里一直讲温和修护，这算不算虚假宣传？,2026-05-31 09:28:00,1240,318,小红书,NewBrand,光感修护精华液,618大促,用户评论,广告承诺争议,neutral,0.0,0.3,[0.04445377 0.81868659 0.04420305 0.0481772  0.0444794 ],1,0.8186865868305097
客服解释成分很专业，售后响应也快，这点比竞品体验好。还会继续观察。我是油敏皮，小样试用后入正装，用了1周，希望品牌补充适用人群说明。,2026-05-30 07:10:00,48,4,抖音,NewBrand,温和洁面乳,618大促,达人笔记,正向口碑,positive,1.25,1.0,[0.02771678 0.88900667 0.02772905 0.02777055 0.02777696],1,0.8890066690057966
用了几天，客服回复速度还行，但对过敏问题的解释比较模板化。大家怎么看？我是正常偏干，大促囤货，用了2次，大促期间看到很多类似反馈。,2026-05-28 16:35:00,62,3,B站,竞品A,早C晚A精华套装,新品上市,用户评论,中性观察,negative,-1.0,1.0,[0.02923153 0.88302424 0.02909931 0.02917979 0.02946513],1,0.8830242431163946
说实话，客服一直让我再观察，没有给明确处理方案，售后体验真的差。希望品牌给个明确说明。我是外油内干，直播间入手，空瓶半瓶后，大促期间看到很多类似反馈。,2026-05-31 17:47:00,88,80,B站,NewBrand,舒缓保湿面膜,618大促,电商评价,达人内容质疑,positive,1.25,1.0,[0.02674138 0.02662785 0.02622989 0.61770494 0.30269593],3,0.617704939701829
测评后感觉，NewBrand这波新品包装和肤感都比以前细腻，吸收快，味道也克制。希望品牌给个明确说明。我是混油皮，达人链接下单，用了1周，鼻翼和脸颊反应最明显。,2026-06-01 06:20:00,101,1,天猫评价,NewBrand,舒缓保湿面膜,敏感肌种草,电商评价,正向口碑,positive,1.0,1.0,[0.0271049  0.02710882 0.0269352  0.02718867 0.89166242],4,0.8916624153270966
竞品B这次活动力度一般，赠品多但主品价格没有太大优势。我是正常偏干，旗舰店买的，用了1周，这个点对敏感肌很关键。,2026-05-25 06:12:00,1,7,微博,竞品B,屏障修护面霜,敏感肌种草,话题讨论,中性观察,neutral,0.0,0.5,[0.03343929 0.03341909 0.03343075 0.03345114 0.86625973],4,0.866259728094011
竞品B这次活动力度一般，赠品多但主品价格没有太大优势。希望品牌给个明确说明。我是屏障受损肌，达人链接下单，用了1周，和同价位竞品对比差异明显。,2026-05-29 16:36:00,27,6,微博,竞品B,舒缓保湿面膜,达人测评,达人笔记,中性观察,negative,-1.5,1.0,[0.02783151 0.02785163 0.02779855 0.02793466 0.88858365],4,0.8885836500811718
竞品C这次活动力度一般，赠品多但主品价格没有太大优势。不建议盲买。我是正常偏干，小样试用后入正装，空瓶半瓶后，客服回复会直接影响我是否复购。,2026-05-28 05:20:00,82,24,天猫评价,竞品C,温和洁面乳,达人测评,达人笔记,中性观察,neutral,0.0,0.5,[0.02622385 0.0260342  0.02582986 0.02600937 0.89590272],4,0.8959027215104561
包装设计挺好看，但更关心长期使用后的稳定性。希望品牌给个明确说明。我是痘肌，小样试用后入正装，空瓶半瓶后，大促期间看到很多类似反馈。,2026-05-26 14:10:00,74,6,抖音,NewBrand,舒缓保湿面膜,达人测评,达人笔记,中性观察,positive,1.0,1.0,[0.02785228 0.02752596 0.57786717 0.02746647 0.33928813],2,0.5778671652832893
测评后感觉，如果后续能补充第三方检测和适用人群说明，会更放心。我是油敏皮，旗舰店买的，空瓶半瓶后，这个点对敏感肌很关键。,2026-05-29 22:41:00,51,1,微博,NewBrand,光感修护精华液,新品上市,短视频评论,中性观察,neutral,0.0,0.5,[0.03337634 0.03332323 0.03297347 0.86676829 0.03355867],3,0.8667682854757148
用了几天，包装设计挺好看，但更关心长期使用后的稳定性。我是油敏皮，朋友推荐后购买，用了2次，鼻翼和脸颊反应最明显。,2026-05-27 01:53:00,56,0,抖音,竞品B,舒缓保湿面膜,夏季修护专题,达人笔记,中性观察,neutral,0.0,0.5,[0.03260814 0.03279345 0.8690148  0.0326579  0.0329257 ],2,0.8690148014932867
测评后感觉，这次屏障修护面霜真的好用，质地清爽不黏，早上上妆也不搓泥，已经准备回购。不建议盲买。我是正常偏干，达人链接下单，用了2次，评论区反馈分化很明显。,2026-06-01 07:21:00,67,1,微博,竞品A,屏障修护面霜,夏季修护专题,用户评论,正向口碑,positive,0.625,0.925,[0.02592768 0.02608761 0.02588598 0.89610352 0.02599521],3,0.8961035243104808
测评后感觉，活动价还可以，套装搭配合理，适合第一次尝试这个系列。大家怎么看？我是混油皮，朋友推荐后购买，早晚用了4天，评论区反馈分化很明显。,2026-05-26 08:10:00,40,3,抖音,NewBrand,温和洁面乳,新品上市,达人笔记,正向口碑,positive,1.0,1.0,[0.02878315 0.02898082 0.02854797 0.02870517 0.88498289],4,0.884982892766167
姐妹们，买的套装里小样快过期，包装还压坏了，活动体验很糟糕。不建议盲买。我是正常偏干，旗舰店买的，用了1周，这个点对敏感肌很关键。,2026-05-28 07:53:00,21,26,小红书,NewBrand,早C晚A精华套装,618大促,短视频评论,产品质量风险,negative,-1.5,1.0,[0.03140006 0.03140001 0.03142853 0.03145429 0.87431711],4,0.8743171072765704
姐妹们，保湿和提亮都比较自然，不是那种立刻假白的效果。还会继续观察。我是混油皮，大促囤货，连续用了3天，后续上妆状态变化很大。,2026-05-28 19:15:00,112,13,天猫评价,NewBrand,舒缓保湿面膜,618大促,用户评论,正向口碑,positive,1.0,1.0,[0.88794919 0.02800491 0.02785454 0.02799092 0.02820043],0,0.8879491896560311
说实话，温和洁面乳肤感还可以，但功效需要再观察，暂时没有特别惊喜。大家怎么看？我是痘肌，大促囤货，刚上脸10分钟，大促期间看到很多类似反馈。,2026-06-01 01:39:00,22,8,京东评价,NewBrand,温和洁面乳,618大促,话题讨论,中性观察,neutral,-0.25,0.55,[0.02818163 0.02821787 0.02790577 0.02796515 0.88772958],4,0.8877295801789974
姐妹们，看到很多人反馈刺痛，也有人说好用，感觉和肤质关系很大。我是正常偏干，旗舰店买的，连续用了3天，大促期间看到很多类似反馈。,2026-05-24 20:39:00,55,4,B站,竞品B,舒缓保湿面膜,夏季修护专题,达人笔记,中性观察,negative,-1.0,1.0,[0.88150361 0.02968646 0.02945687 0.02946966 0.02988339],0,0.8815036144761073
客服回复速度还行，但对过敏问题的解释比较模板化。不建议盲买。我是外油内干，大促囤货，刚上脸10分钟，希望品牌补充适用人群说明。,2026-05-26 19:21:00,40,2,抖音,竞品A,舒缓保湿面膜,敏感肌种草,短视频评论,中性观察,negative,-1.0,1.0,[0.02824361 0.8873722  0.02808043 0.02812327 0.0281805 ],1,0.8873721959012238
说实话，客服解释成分很专业，售后响应也快，这点比竞品体验好。还会继续观察。我是沙漠干皮，旗舰店买的，早晚用了4天，客服回复会直接影响我是否复购。,2026-05-28 06:42:00,24,13,微博,NewBrand,屏障修护面霜,达人测评,话题讨论,正向口碑,positive,1.5,1.0,[0.02730641 0.89118736 0.02694762 0.02723637 0.02732223],1,0.891187363211833
测评后感觉，价格比竞品贵一截，但效果没有宣传那么夸张，感觉被种草文骗了。希望品牌给个明确说明。我是外油内干，达人链接下单，连续用了3天，大促期间看到很多类似反馈。,2026-05-24 19:13:00,86,33,微博,NewBrand,早C晚A精华套装,敏感肌种草,达人笔记,达人内容质疑,negative,-1.0,1.0,[0.25560181 0.02619828 0.02567446 0.66599812 0.02652734],3,0.665998117777745
姐妹们，达人笔记全在夸，评论区却很多人说刺激，品牌是不是控评了。大家怎么看？我是油敏皮，达人链接下单，用了2次，后续上妆状态变化很大。,2026-05-31 21:29:00,67,37,B站,NewBrand,光感修护精华液,达人测评,用户评论,达人内容质疑,negative,-1.0,1.0,[0.03099554 0.03094129 0.03063345 0.87630932 0.03112041],3,0.8763093168358257
用了几天，活动价还可以，套装搭配合理，适合第一次尝试这个系列。我是痘肌，旗舰店买的，空瓶半瓶后，评论区反馈分化很明显。,2026-05-27 21:01:00,35,5,小红书,NewBrand,温和洁面乳,敏感肌种草,话题讨论,正向口碑,positive,1.0,1.0,[0.03154751 0.03152206 0.0314142  0.03164174 0.87387448],4,0.8738744829689667
测评后感觉，NewBrand这次活动力度一般，赠品多但主品价格没有太大优势。还会继续观察。我是混油皮，直播间入手，连续用了3天，和同价位竞品对比差异明显。,2026-05-26 08:58:00,26,8,B站,NewBrand,早C晚A精华套装,敏感肌种草,用户评论,中性观察,neutral,0.0,0.5,[0.02732295 0.02717468 0.02690015 0.02703953 0.8915627 ],4,0.8915626957170729
用了几天，包装设计挺好看，但更关心长期使用后的稳定性。不建议盲买。我是痘肌，达人链接下单，连续用了3天，评论区反馈分化很明显。,2026-05-25 12:47:00,33,0,京东评价,NewBrand,早C晚A精华套装,夏季修护专题,短视频评论,中性观察,neutral,0.0,0.5,[0.03112916 0.03152543 0.87469461 0.03137869 0.0312721 ],2,0.8746946118890943
本来冲着敏感肌可用买的，结果用完泛红爆痘，618还在大推这个精华，建议品牌先把问题解释清楚。,2026-05-31 09:46:00,920,214,微博,NewBrand,光感修护精华液,618大促,话题讨论,大促风控,negative,-1.0,1.0,[0.05109388 0.73129949 0.0511662  0.05121169 0.11522872],1,0.7312994932649642
价格比竞品贵一截，但效果没有宣传那么夸张，感觉被种草文骗了。希望品牌给个明确说明。我是屏障受损肌，达人链接下单，用了1周，鼻翼和脸颊反应最明显。,2026-05-26 00:44:00,15,47,抖音,NewBrand,舒缓保湿面膜,618大促,达人笔记,达人内容质疑,negative,-1.0,1.0,[0.02752991 0.02761744 0.02727782 0.88999171 0.02758311],3,0.8899917114869375
姐妹们，NewBrand广告说温和修护，但我用完明显过敏，这种宣传太离谱。不建议盲买。我是干敏皮，旗舰店买的，空瓶半瓶后，这个点对敏感肌很关键。,2026-05-31 13:21:00,73,7,微博,NewBrand,舒缓保湿面膜,618大促,达人笔记,广告承诺争议,neutral,-0.125,0.425,[0.02992074 0.87997303 0.02987482 0.03012131 0.0301101 ],1,0.8799730338387763
保湿和提亮都比较自然，不是那种立刻假白的效果。我是干敏皮，朋友推荐后购买，用了2次，希望品牌补充适用人群说明。,2026-05-26 20:17:00,30,11,天猫评价,NewBrand,光感修护精华液,新品上市,用户评论,正向口碑,positive,0.333,0.633,[0.87987528 0.03014567 0.02991166 0.0300613  0.0300061 ],0,0.879875282505467
说实话，价格比竞品贵一截，但效果没有宣传那么夸张，感觉被种草文骗了。希望品牌给个明确说明。我是正常偏干，大促囤货，空瓶半瓶后，这个点对敏感肌很关键。,2026-05-30 04:59:00,277,25,天猫评价,NewBrand,舒缓保湿面膜,新品上市,短视频评论,广告承诺争议,negative,-1.0,1.0,[0.02717846 0.02698419 0.02713216 0.89136723 0.02733796],3,0.8913672252982714
测评后感觉，客服一直让我再观察，没有给明确处理方案，售后体验真的差。不建议盲买。我是混油皮，旗舰店买的，空瓶半瓶后，客服回复会直接影响我是否复购。,2026-05-30 11:53:00,119,18,京东评价,NewBrand,早C晚A精华套装,618大促,达人笔记,价格价值争议,positive,1.5,1.0,[0.02796167 0.02763528 0.02696526 0.88992987 0.02750792],3,0.8899298689006456
NewBrand广告说温和修护，但我用完明显过敏，这种宣传太离谱。不建议盲买。我是痘肌，朋友推荐后购买，连续用了3天，和同价位竞品对比差异明显。,2026-05-28 18:02:00,139,16,抖音,NewBrand,屏障修护面霜,敏感肌种草,电商评价,达人内容质疑,neutral,-0.125,0.425,[0.02880405 0.88458866 0.02881965 0.02884067 0.02894698],1,0.8845886569491563
说实话，客服解释成分很专业，售后响应也快，这点比竞品体验好。不建议盲买。我是外油内干，达人链接下单，早晚用了4天，评论区反馈分化很明显。,2026-05-29 05:55:00,78,2,微博,NewBrand,屏障修护面霜,新品上市,用户评论,正向口碑,positive,1.5,1.0,[0.02860308 0.88519998 0.02857596 0.02885101 0.02876997],1,0.8851999846038633
用了几天，客服解释成分很专业，售后响应也快，这点比竞品体验好。我是外油内干，大促囤货，连续用了3天，鼻翼和脸颊反应最明显。,2026-06-01 01:33:00,100,3,天猫评价,竞品C,光感修护精华液,夏季修护专题,电商评价,正向口碑,positive,1.5,1.0,[0.03034913 0.87847272 0.03019165 0.03054427 0.03044222],1,0.8784727243288153
姐妹们，看到很多人反馈刺痛，也有人说好用，感觉和肤质关系很大。不建议盲买。我是正常偏干，达人链接下单，用了1周，希望品牌补充适用人群说明。,2026-05-24 09:40:00,89,3,B站,NewBrand,温和洁面乳,新品上市,用户评论,中性观察,negative,-1.0,1.0,[0.88887983 0.0279208  0.02766834 0.02782308 0.02770795],0,0.888879829034082
NewBrand广告说温和修护，但我用完明显过敏，这种宣传太离谱。希望品牌给个明确说明。我是屏障受损肌，小样试用后入正装，用了1周，希望品牌补充适用人群说明。,2026-05-29 08:20:00,137,16,京东评价,NewBrand,早C晚A精华套装,夏季修护专题,达人笔记,达人内容质疑,neutral,0.25,0.55,[0.02760361 0.88989522 0.02740417 0.02756911 0.02752789],1,0.8898952177049051
用了几天，敏感肌用光感修护精华液很安心，泛红稳定下来，保湿感也不错。我是痘肌，大促囤货，用了1周，大促期间看到很多类似反馈。,2026-05-27 09:47:00,59,19,京东评价,NewBrand,光感修护精华液,敏感肌种草,话题讨论,正向口碑,positive,0.7,1.0,[0.03097714 0.87646464 0.0307089  0.03074883 0.03110049],1,0.8764646392665676
用了三天爆痘，停用后才慢慢好，不敢继续用了。还会继续观察。我是外油内干，直播间入手，用了2次，客服回复会直接影响我是否复购。,2026-05-29 17:01:00,168,4,小红书,竞品A,屏障修护面霜,新品上市,电商评价,价格价值争议,neutral,0.0,0.3,[0.03059438 0.03062176 0.0301403  0.03022503 0.87841854],4,0.8784185356488162
姐妹们，用了光感修护精华液之后脸颊刺痛泛红，严重辣脸，第二天还起了小疹子。还会继续观察。我是沙漠干皮，小样试用后入正装，连续用了3天，客服回复会直接影响我是否复购。,2026-05-26 13:08:00,106,18,京东评价,NewBrand,光感修护精华液,夏季修护专题,达人笔记,达人内容质疑,negative,-0.5,0.8,[0.02488481 0.90082138 0.02463767 0.02471215 0.02494399],1,0.9008213828310487
姐妹们，NewBrand这波新品包装和肤感都比以前细腻，吸收快，味道也克制。我是干敏皮，大促囤货，用了1周，和同价位竞品对比差异明显。,2026-06-01 01:04:00,55,7,微博,NewBrand,光感修护精华液,夏季修护专题,电商评价,正向口碑,positive,1.0,1.0,[0.02954128 0.02964276 0.02962693 0.0295405  0.88164853],4,0.8816485314092343
姐妹们，NewBrand广告说温和修护，但我用完明显过敏，这种宣传太离谱。希望品牌给个明确说明。我是外油内干，直播间入手，空瓶半瓶后，客服回复会直接影响我是否复购。,2026-05-24 14:50:00,85,21,抖音,NewBrand,屏障修护面霜,敏感肌种草,话题讨论,广告承诺争议,neutral,0.1,0.4,[0.0264196  0.89553997 0.02579283 0.02603068 0.02621691],1,0.8955399700356171
说实话，这次舒缓保湿面膜真的好用，质地清爽不黏，早上上妆也不搓泥，已经准备回购。我是沙漠干皮，朋友推荐后购买，连续用了3天，和同价位竞品对比差异明显。,2026-05-26 23:36:00,53,20,京东评价,NewBrand,舒缓保湿面膜,敏感肌种草,话题讨论,正向口碑,positive,0.625,0.925,[0.02628724 0.02690079 0.0259038  0.89483642 0.02607175],3,0.89483642151527
说实话，NewBrand这次活动力度一般，赠品多但主品价格没有太大优势。还会继续观察。我是混油皮，达人链接下单，早晚用了4天，后续上妆状态变化很大。,2026-05-31 19:47:00,129,41,京东评价,NewBrand,温和洁面乳,敏感肌种草,用户评论,中性观察,neutral,0.0,0.5,[0.02797651 0.02795774 0.0277292  0.02795577 0.88838077],4,0.8883807689546949
用了几天，竞品B广告说温和修护，但我用完明显过敏，这种宣传太离谱。希望品牌给个明确说明。我是屏障受损肌，达人链接下单，连续用了3天，希望品牌补充适用人群说明。,2026-05-30 00:43:00,104,43,京东评价,竞品B,屏障修护面霜,618大促,用户评论,产品质量风险,neutral,0.25,0.55,[0.02748486 0.89014284 0.02738992 0.02749537 0.02748701],1,0.890142840332104
姐妹们，价格比竞品贵一截，但效果没有宣传那么夸张，感觉被种草文骗了。我是混油皮，大促囤货，早晚用了4天，希望品牌补充适用人群说明。,2026-05-28 17:24:00,69,21,B站,竞品C,屏障修护面霜,618大促,达人笔记,售后体验不满,negative,-1.0,1.0,[0.02931267 0.02920039 0.02885548 0.88350289 0.02912857],3,0.8835028914389503
姐妹们，质地看着高级，上脸却搓泥，后续上妆完全不服帖，踩雷。大家怎么看？我是正常偏干，达人链接下单，早晚用了4天，客服回复会直接影响我是否复购。,2026-05-27 13:39:00,50,15,京东评价,竞品B,舒缓保湿面膜,夏季修护专题,短视频评论,产品质量风险,neutral,0.0,0.5,[0.88548757 0.02884202 0.02835246 0.02868284 0.02863511],0,0.8854875653894564
用了几天，买的套装里小样快过期，包装还压坏了，活动体验很糟糕。不建议盲买。我是沙漠干皮，旗舰店买的，用了2次，这个点对敏感肌很关键。,2026-05-30 10:23:00,58,20,小红书,NewBrand,舒缓保湿面膜,达人测评,短视频评论,达人内容质疑,negative,-1.5,1.0,[0.03172968 0.03182892 0.03173102 0.03199481 0.87271557],4,0.8727155697130217
敏感肌用温和洁面乳很安心，泛红稳定下来，保湿感也不错。我是混油皮，小样试用后入正装，用了2次，鼻翼和脸颊反应最明显。,2026-05-29 09:48:00,21,5,小红书,NewBrand,温和洁面乳,新品上市,电商评价,正向口碑,positive,0.7,1.0,[0.03077272 0.87701726 0.03062296 0.03088143 0.03070564],1,0.8770172561296578
说实话，用了三天爆痘，停用后才慢慢好，不敢继续用了。不建议盲买。我是混油皮，旗舰店买的，刚上脸10分钟，这个点对敏感肌很关键。,2026-05-31 13:29:00,115,16,微博,竞品B,光感修护精华液,新品上市,短视频评论,售后体验不满,neutral,0.0,0.3,[0.03171458 0.03142996 0.0312795  0.03167069 0.87390527],4,0.8739052729590943
用了几天，这次屏障修护面霜真的好用，质地清爽不黏，早上上妆也不搓泥，已经准备回购。希望品牌给个明确说明。我是痘肌，朋友推荐后购买，用了1周，和同价位竞品对比差异明显。,2026-05-24 18:23:00,22,11,抖音,NewBrand,屏障修护面霜,夏季修护专题,电商评价,正向口碑,positive,0.7,1.0,[0.02576751 0.02584873 0.02563904 0.89699872 0.025746  ],3,0.8969987246972018
测评后感觉，这次屏障修护面霜真的好用，质地清爽不黏，早上上妆也不搓泥，已经准备回购。我是干敏皮，小样试用后入正装，连续用了3天，评论区反馈分化很明显。,2026-05-27 20:47:00,75,21,小红书,竞品B,屏障修护面霜,达人测评,话题讨论,正向口碑,positive,0.625,0.925,[0.02622978 0.02637791 0.02616037 0.89497186 0.02626007],3,0.8949718642748509
达人测评没有夸张，实际使用确实温和，油皮也能接受。还会继续观察。我是油敏皮，小样试用后入正装，用了1周，后续上妆状态变化很大。,2026-05-25 00:39:00,16,2,B站,竞品A,屏障修护面霜,敏感肌种草,话题讨论,正向口碑,negative,-1.5,1.0,[0.8844512  0.02903901 0.02883306 0.02883336 0.02884338],0,0.8844511997357943
用了几天，这次温和洁面乳真的好用，质地清爽不黏，早上上妆也不搓泥，已经准备回购。大家怎么看？我是正常偏干，小样试用后入正装，早晚用了4天，这个点对敏感肌很关键。,2026-05-30 03:02:00,34,7,B站,竞品C,温和洁面乳,618大促,话题讨论,正向口碑,positive,0.625,0.925,[0.02708726 0.02718766 0.02681394 0.89183685 0.02707429],3,0.8918368535729216
用了几天，客服解释成分很专业，售后响应也快，这点比竞品体验好。大家怎么看？我是沙漠干皮，朋友推荐后购买，用了2次，评论区反馈分化很明显。,2026-05-29 17:31:00,34,7,京东评价,NewBrand,早C晚A精华套装,新品上市,短视频评论,正向口碑,positive,1.5,1.0,[0.02868083 0.88515768 0.02853916 0.02884308 0.02877925],1,0.885157684598367
用了几天，成分表看起来偏修护，敏感肌最好先做局部测试。希望品牌给个明确说明。我是干敏皮，直播间入手，早晚用了4天，鼻翼和脸颊反应最明显。,2026-05-25 04:25:00,14,1,京东评价,竞品A,屏障修护面霜,新品上市,话题讨论,中性观察,positive,1.0,1.0,[0.02934806 0.02934778 0.88250534 0.02953697 0.02926186],2,0.8825053389140466
姐妹们，用了屏障修护面霜之后脸颊刺痛泛红，严重辣脸，第二天还起了小疹子。我是油敏皮，小样试用后入正装，早晚用了4天，和同价位竞品对比差异明显。,2026-05-26 16:26:00,73,19,B站,NewBrand,屏障修护面霜,新品上市,达人笔记,广告承诺争议,negative,-0.5,0.8,[0.02701833 0.89180564 0.02706954 0.02709143 0.02701507],1,0.8918056353341972
姐妹们，如果后续能补充第三方检测和适用人群说明，会更放心。不建议盲买。我是正常偏干，大促囤货，连续用了3天，希望品牌补充适用人群说明。,2026-05-31 11:20:00,7,3,抖音,竞品A,屏障修护面霜,达人测评,用户评论,中性观察,negative,-1.0,1.0,[0.03104845 0.03096322 0.03064184 0.87635691 0.03098958],3,0.8763569063115656
测评后感觉，NewBrand这次活动力度一般，赠品多但主品价格没有太大优势。希望品牌给个明确说明。我是正常偏干，小样试用后入正装，早晚用了4天，大促期间看到很多类似反馈。,2026-05-26 05:04:00,43,4,京东评价,NewBrand,舒缓保湿面膜,敏感肌种草,话题讨论,中性观察,negative,-1.5,1.0,[0.0248275  0.02469852 0.02462458 0.02474095 0.90110845],4,0.9011084500286491
如果后续能补充第三方检测和适用人群说明，会更放心。大家怎么看？我是外油内干，直播间入手，空瓶半瓶后，鼻翼和脸颊反应最明显。,2026-05-26 17:44:00,18,15,微博,NewBrand,屏障修护面霜,达人测评,达人笔记,中性观察,neutral,0.0,0.5,[0.03098648 0.03097197 0.03077047 0.87608839 0.03118269],3,0.8760883941634543
这次早C晚A精华套装真的好用，质地清爽不黏，早上上妆也不搓泥，已经准备回购。大家怎么看？我是混油皮，达人链接下单，连续用了3天，大促期间看到很多类似反馈。,2026-05-30 21:07:00,12,7,天猫评价,竞品A,早C晚A精华套装,618大促,话题讨论,正向口碑,positive,0.5,0.8,[0.02723487 0.02736362 0.02665852 0.66730629 0.2514367 ],3,0.6673062901824003
说实话，竞品B广告说温和修护，但我用完明显过敏，这种宣传太离谱。我是干敏皮，直播间入手，空瓶半瓶后，后续上妆状态变化很大。,2026-06-01 02:42:00,15,15,天猫评价,竞品B,舒缓保湿面膜,达人测评,电商评价,产品质量风险,neutral,-0.125,0.425,[0.0296384  0.88149543 0.02929098 0.02959426 0.02998094],1,0.8814954284145927
用了几天，活动价还可以，套装搭配合理，适合第一次尝试这个系列。希望品牌给个明确说明。我是正常偏干，朋友推荐后购买，连续用了3天，这个点对敏感肌很关键。,2026-05-25 01:00:00,123,4,小红书,NewBrand,屏障修护面霜,夏季修护专题,话题讨论,正向口碑,positive,1.0,1.0,[0.02809118 0.02807258 0.02799787 0.02802907 0.8878093 ],4,0.8878092977742345
姐妹们，敏感肌用屏障修护面霜很安心，泛红稳定下来，保湿感也不错。大家怎么看？我是正常偏干，朋友推荐后购买，刚上脸10分钟，评论区反馈分化很明显。,2026-05-25 11:06:00,72,24,抖音,NewBrand,屏障修护面霜,敏感肌种草,达人笔记,正向口碑,positive,0.7,1.0,[0.02680587 0.8929148  0.02665358 0.0267587  0.02686705],1,0.8929147965531815
用了几天，包装设计挺好看，但更关心长期使用后的稳定性。大家怎么看？我是屏障受损肌，直播间入手，刚上脸10分钟，和同价位竞品对比差异明显。,2026-05-26 12:36:00,18,2,京东评价,NewBrand,光感修护精华液,达人测评,用户评论,中性观察,neutral,0.0,0.5,[0.02852565 0.02846051 0.88567617 0.02846148 0.0288762 ],2,0.8856761687952033
姐妹们，买的套装里小样快过期，包装还压坏了，活动体验很糟糕。大家怎么看？我是正常偏干，旗舰店买的，用了2次，评论区反馈分化很明显。,2026-05-27 13:39:00,210,21,京东评价,竞品A,光感修护精华液,达人测评,话题讨论,价格价值争议,negative,-1.5,1.0,[0.03081532 0.0307665  0.03070531 0.03076782 0.87694505],4,0.8769450520011618
姐妹们，质地看着高级，上脸却搓泥，后续上妆完全不服帖，踩雷。希望品牌给个明确说明。我是痘肌，朋友推荐后购买，刚上脸10分钟，后续上妆状态变化很大。,2026-05-24 10:36:00,54,28,抖音,NewBrand,光感修护精华液,夏季修护专题,达人笔记,价格价值争议,negative,-1.0,1.0,[0.88536892 0.02864738 0.02837264 0.02860293 0.02900813],0,0.8853689232259193
姐妹们，客服回复速度还行，但对过敏问题的解释比较模板化。大家怎么看？我是沙漠干皮，大促囤货，空瓶半瓶后，和同价位竞品对比差异明显。,2026-05-26 09:52:00,7,4,B站,竞品A,屏障修护面霜,达人测评,达人笔记,中性观察,negative,-1.0,1.0,[0.02813677 0.88701853 0.02814279 0.02846144 0.02824046],1,0.8870185305495436
看到很多人反馈刺痛，也有人说好用，感觉和肤质关系很大。不建议盲买。我是混油皮，达人链接下单，连续用了3天，后续上妆状态变化很大。,2026-05-29 10:41:00,0,1,天猫评价,竞品A,早C晚A精华套装,夏季修护专题,用户评论,中性观察,negative,-1.0,1.0,[0.8849126  0.02883099 0.02845255 0.02887165 0.02893221],0,0.8849126039347429
这次温和洁面乳真的好用，质地清爽不黏，早上上妆也不搓泥，已经准备回购。不建议盲买。我是屏障受损肌，朋友推荐后购买，空瓶半瓶后，鼻翼和脸颊反应最明显。,2026-05-30 16:47:00,9,17,天猫评价,NewBrand,温和洁面乳,达人测评,电商评价,正向口碑,positive,0.625,0.925,[0.02602995 0.02626761 0.02570999 0.89576831 0.02622414],3,0.8957683053125952
连续用了一周，温和洁面乳对换季干燥有改善，修护感很明显。我是沙漠干皮，大促囤货，用了1周，希望品牌补充适用人群说明。,2026-05-29 13:11:00,44,18,京东评价,NewBrand,温和洁面乳,达人测评,话题讨论,正向口碑,positive,1.125,1.0,[0.03076284 0.87688068 0.03064778 0.03092598 0.03078271],1,0.8768806826313078
买的套装里小样快过期，包装还压坏了，活动体验很糟糕。大家怎么看？我是干敏皮，旗舰店买的，连续用了3天，大促期间看到很多类似反馈。,2026-05-31 14:52:00,228,68,抖音,NewBrand,屏障修护面霜,达人测评,短视频评论,达人内容质疑,negative,-1.5,1.0,[0.03005929 0.03004836 0.02988697 0.02975365 0.88025173],4,0.8802517269999285
用了几天，这次光感修护精华液真的好用，质地清爽不黏，早上上妆也不搓泥，已经准备回购。不建议盲买。我是沙漠干皮，小样试用后入正装，用了2次，鼻翼和脸颊反应最明显。,2026-05-29 01:23:00,33,10,B站,NewBrand,光感修护精华液,达人测评,短视频评论,正向口碑,positive,0.625,0.925,[0.02550959 0.02573512 0.02544624 0.89773876 0.0255703 ],3,0.8977387557873502
小红书用户 ：NewBrand光感修护精华液用了两次就过敏辣脸，脸颊刺痛泛红，客服还让我继续观察，真的离谱。,2026-05-31 09:10:00,1850,426,小红书,NewBrand,光感修护精华液,618大促,达人笔记,产品质量风险,negative,-0.75,1.0,[0.03803747 0.83802125 0.03801289 0.0476161  0.03831229],1,0.8380212472930201
用了屏障修护面霜之后脸颊刺痛泛红，严重辣脸，第二天还起了小疹子。希望品牌给个明确说明。我是痘肌，直播间入手，连续用了3天，评论区反馈分化很明显。,2026-05-25 02:00:00,52,55,天猫评价,竞品B,屏障修护面霜,敏感肌种草,话题讨论,广告承诺争议,neutral,-0.2,0.5,[0.02768258 0.88923049 0.02756251 0.02773315 0.02779126],1,0.889230494720956
说实话，达人测评没有夸张，实际使用确实温和，油皮也能接受。我是外油内干，朋友推荐后购买，刚上脸10分钟，和同价位竞品对比差异明显。,2026-05-28 02:29:00,120,7,B站,竞品C,舒缓保湿面膜,夏季修护专题,电商评价,正向口碑,negative,-1.5,1.0,[0.88627824 0.02839026 0.02832396 0.02851138 0.02849616],0,0.8862782391904842
测评后感觉，达人测评没有夸张，实际使用确实温和，油皮也能接受。希望品牌给个明确说明。我是油敏皮，大促囤货，早晚用了4天，希望品牌补充适用人群说明。,2026-05-29 10:00:00,79,5,天猫评价,NewBrand,温和洁面乳,新品上市,达人笔记,正向口碑,neutral,0.167,0.467,[0.88647626 0.02841804 0.0282799  0.02828112 0.02854468],0,0.8864762558994614
竞品最近也在推类似概念，想看更真实的横评对比。不建议盲买。我是正常偏干，达人链接下单，空瓶半瓶后，和同价位竞品对比差异明显。,2026-05-25 11:12:00,12,0,天猫评价,NewBrand,屏障修护面霜,敏感肌种草,短视频评论,中性观察,neutral,0.0,0.5,[0.02970863 0.02967356 0.88106138 0.02987003 0.0296864 ],2,0.8810613824413237
说实话，达人笔记全在夸，评论区却很多人说刺激，品牌是不是控评了。我是屏障受损肌，达人链接下单，连续用了3天，和同价位竞品对比差异明显。,2026-05-26 22:44:00,212,25,天猫评价,竞品A,光感修护精华液,敏感肌种草,话题讨论,达人内容质疑,negative,-1.0,1.0,[0.02962449 0.02984547 0.02959717 0.88117371 0.02975916],3,0.8811737143291959
说实话，竞品B这波新品包装和肤感都比以前细腻，吸收快，味道也克制。大家怎么看？我是油敏皮，大促囤货，用了1周，评论区反馈分化很明显。,2026-05-29 03:27:00,116,21,天猫评价,竞品B,早C晚A精华套装,新品上市,达人笔记,正向口碑,positive,1.0,1.0,[0.02917566 0.02926666 0.02925694 0.02921894 0.8830818 ],4,0.8830818046091164
用了几天，价格比竞品贵一截，但效果没有宣传那么夸张，感觉被种草文骗了。我是外油内干，小样试用后入正装，用了1周，评论区反馈分化很明显。,2026-05-28 23:27:00,55,15,京东评价,竞品A,屏障修护面霜,新品上市,达人笔记,达人内容质疑,neutral,0.0,0.5,[0.02866246 0.02859791 0.02855612 0.88555103 0.02863248],3,0.8855510267523627
姐妹们，用了屏障修护面霜之后脸颊刺痛泛红，严重辣脸，第二天还起了小疹子。希望品牌给个明确说明。我是油敏皮，朋友推荐后购买，用了1周，希望品牌补充适用人群说明。,2026-05-27 12:04:00,64,14,抖音,竞品A,屏障修护面霜,敏感肌种草,用户评论,达人内容质疑,neutral,0.0,0.3,[0.02702866 0.89232353 0.02677387 0.0269532  0.02692074],1,0.8923235345194596
姐妹们，买的套装里小样快过期，包装还压坏了，活动体验很糟糕。大家怎么看？我是正常偏干，小样试用后入正装，用了2次，客服回复会直接影响我是否复购。,2026-05-28 18:05:00,117,11,抖音,NewBrand,温和洁面乳,达人测评,用户评论,达人内容质疑,negative,-1.5,1.0,[0.02802665 0.02785021 0.02755961 0.02770579 0.88885775],4,0.8888577493469263
这次舒缓保湿面膜真的好用，质地清爽不黏，早上上妆也不搓泥，已经准备回购。不建议盲买。我是正常偏干，小样试用后入正装，用了2次，希望品牌补充适用人群说明。,2026-06-01 01:59:00,51,14,抖音,竞品C,舒缓保湿面膜,敏感肌种草,用户评论,正向口碑,neutral,0.3,0.6,[0.02590863 0.02660449 0.02562194 0.89629168 0.02557326],3,0.8962916799914817
姐妹们，NewBrand广告说温和修护，但我用完明显过敏，这种宣传太离谱。希望品牌给个明确说明。我是油敏皮，达人链接下单，早晚用了4天，后续上妆状态变化很大。,2026-05-30 20:29:00,295,15,京东评价,NewBrand,屏障修护面霜,618大促,短视频评论,售后体验不满,neutral,0.1,0.4,[0.0278306  0.88915215 0.02741209 0.02775224 0.02785292],1,0.8891521509528582
敏感肌用光感修护精华液很安心，泛红稳定下来，保湿感也不错。希望品牌给个明确说明。我是痘肌，旗舰店买的，空瓶半瓶后，和同价位竞品对比差异明显。,2026-05-26 20:32:00,29,34,京东评价,NewBrand,光感修护精华液,新品上市,达人笔记,正向口碑,positive,0.75,1.0,[0.02881662 0.88518275 0.02867682 0.02870105 0.02862276],1,0.8851827490591261
说实话，保湿和提亮都比较自然，不是那种立刻假白的效果。大家怎么看？我是外油内干，小样试用后入正装，用了2次，这个点对敏感肌很关键。,2026-05-28 20:13:00,102,9,京东评价,NewBrand,舒缓保湿面膜,敏感肌种草,话题讨论,正向口碑,positive,1.0,1.0,[0.87993871 0.03000757 0.02990278 0.03005435 0.03009658],0,0.879938711874068
测评后感觉，保湿和提亮都比较自然，不是那种立刻假白的效果。我是正常偏干，大促囤货，连续用了3天，大促期间看到很多类似反馈。,2026-05-24 18:58:00,64,13,京东评价,竞品A,早C晚A精华套装,618大促,达人笔记,正向口碑,positive,1.0,1.0,[0.88937541 0.02765866 0.02753905 0.02758421 0.02784266],0,0.8893754144237552
用了几天，竞品B广告说温和修护，但我用完明显过敏，这种宣传太离谱。不建议盲买。我是干敏皮，直播间入手，用了1周，评论区反馈分化很明显。,2026-05-28 02:43:00,23,0,天猫评价,竞品B,光感修护精华液,新品上市,用户评论,价格价值争议,neutral,-0.125,0.425,[0.02957499 0.88133612 0.02969263 0.02970369 0.02969257],1,0.8813361204427147
姐妹们，客服一直让我再观察，没有给明确处理方案，售后体验真的差。不建议盲买。我是正常偏干，达人链接下单，用了1周，和同价位竞品对比差异明显。,2026-05-25 03:01:00,67,18,B站,NewBrand,屏障修护面霜,夏季修护专题,电商评价,售后体验不满,positive,1.5,1.0,[0.02818715 0.02829839 0.02821548 0.8870552  0.02824378],3,0.8870552041037556
测评后感觉，用了三天爆痘，停用后才慢慢好，不敢继续用了。还会继续观察。我是正常偏干，直播间入手，用了1周，后续上妆状态变化很大。,2026-05-29 21:45:00,203,45,微博,NewBrand,屏障修护面霜,618大促,话题讨论,售后体验不满,neutral,0.0,0.3,[0.02990168 0.02968455 0.029629   0.02973134 0.88105343],4,0.8810534290152013
质地看着高级，上脸却搓泥，后续上妆完全不服帖，踩雷。大家怎么看？我是正常偏干，朋友推荐后购买，刚上脸10分钟，鼻翼和脸颊反应最明显。,2026-05-30 12:14:00,43,28,抖音,NewBrand,舒缓保湿面膜,夏季修护专题,用户评论,广告承诺争议,neutral,0.0,0.5,[0.88496294 0.02878002 0.02848515 0.02889832 0.02887357],0,0.8849629382909976
用了几天，连续用了一周，早C晚A精华套装对换季干燥有改善，修护感很明显。我是混油皮，达人链接下单，连续用了3天，鼻翼和脸颊反应最明显。,2026-05-29 21:14:00,43,12,抖音,竞品A,早C晚A精华套装,敏感肌种草,话题讨论,正向口碑,positive,1.0,1.0,[0.03068858 0.87686514 0.03056737 0.03093913 0.03093978],1,0.8768651391919735
客服解释成分很专业，售后响应也快，这点比竞品体验好。不建议盲买。我是屏障受损肌，旗舰店买的，空瓶半瓶后，后续上妆状态变化很大。,2026-06-01 01:16:00,20,4,B站,NewBrand,屏障修护面霜,618大促,用户评论,正向口碑,positive,1.5,1.0,[0.0287303  0.88513594 0.02841155 0.02880968 0.02891253],1,0.8851359436718736
姐妹们，用了三天爆痘，停用后才慢慢好，不敢继续用了。还会继续观察。我是沙漠干皮，大促囤货，空瓶半瓶后，评论区反馈分化很明显。,2026-06-01 08:19:00,60,58,抖音,竞品B,屏障修护面霜,新品上市,用户评论,产品质量风险,neutral,0.0,0.3,[0.02905794 0.02904813 0.0289288  0.02921998 0.88374515],4,0.8837451538480338
测评后感觉，NewBrand这波新品包装和肤感都比以前细腻，吸收快，味道也克制。希望品牌给个明确说明。我是沙漠干皮，小样试用后入正装，用了2次，鼻翼和脸颊反应最明显。,2026-05-30 04:04:00,24,6,天猫评价,NewBrand,屏障修护面霜,敏感肌种草,达人笔记,正向口碑,positive,1.0,1.0,[0.02570836 0.02568543 0.02558702 0.02588655 0.89713263],4,0.8971326339141751
测评后感觉，活动价还可以，套装搭配合理，适合第一次尝试这个系列。不建议盲买。我是沙漠干皮，大促囤货，空瓶半瓶后，这个点对敏感肌很关键。,2026-05-26 01:15:00,18,10,天猫评价,NewBrand,早C晚A精华套装,达人测评,电商评价,正向口碑,positive,1.0,1.0,[0.02855174 0.0285699  0.02845188 0.02880652 0.88561996],4,0.8856199604507987
说实话，如果后续能补充第三方检测和适用人群说明，会更放心。大家怎么看？我是正常偏干，大促囤货，用了2次，和同价位竞品对比差异明显。,2026-05-31 15:43:00,0,2,微博,竞品A,舒缓保湿面膜,618大促,电商评价,中性观察,neutral,0.0,0.5,[0.03063677 0.03055371 0.03054507 0.87755063 0.03071381],3,0.8775506283898474
测评后感觉，达人测评没有夸张，实际使用确实温和，油皮也能接受。希望品牌给个明确说明。我是外油内干，旗舰店买的，用了1周，大促期间看到很多类似反馈。,2026-05-26 01:02:00,53,35,B站,NewBrand,舒缓保湿面膜,敏感肌种草,用户评论,正向口碑,neutral,-0.25,0.55,[0.8883557  0.02788629 0.02779659 0.02785686 0.02810455],0,0.8883556960087564
测评后感觉，NewBrand广告说温和修护，但我用完明显过敏，这种宣传太离谱。我是干敏皮，大促囤货，刚上脸10分钟，希望品牌补充适用人群说明。,2026-05-27 10:27:00,203,6,小红书,NewBrand,温和洁面乳,敏感肌种草,短视频评论,产品质量风险,neutral,0.1,0.4,[0.02785185 0.88878625 0.02779062 0.0276496  0.02792168],1,0.8887862483766645
测评后感觉，客服解释成分很专业，售后响应也快，这点比竞品体验好。大家怎么看？我是外油内干，大促囤货，连续用了3天，评论区反馈分化很明显。,2026-06-01 02:35:00,45,7,B站,竞品A,光感修护精华液,618大促,用户评论,正向口碑,positive,1.5,1.0,[0.0290446  0.88396835 0.02862301 0.02915643 0.0292076 ],1,0.8839683515746355
用了几天，NewBrand这次活动力度一般，赠品多但主品价格没有太大优势。还会继续观察。我是油敏皮，朋友推荐后购买，用了1周，鼻翼和脸颊反应最明显。,2026-05-28 01:06:00,26,4,抖音,NewBrand,温和洁面乳,新品上市,用户评论,中性观察,neutral,0.0,0.5,[0.02791515 0.02799748 0.0278646  0.02801079 0.88821198],4,0.8882119782474633
达人笔记全在夸，评论区却很多人说刺激，品牌是不是控评了。我是外油内干，朋友推荐后购买，空瓶半瓶后，鼻翼和脸颊反应最明显。,2026-05-28 19:25:00,39,50,小红书,竞品C,屏障修护面霜,敏感肌种草,达人笔记,价格价值争议,negative,-1.0,1.0,[0.03000664 0.03003603 0.02985707 0.88001919 0.03008107],3,0.8800191925837506
用了几天，用了三天爆痘，停用后才慢慢好，不敢继续用了。我是屏障受损肌，直播间入手，用了1周，后续上妆状态变化很大。,2026-05-31 09:57:00,14,37,抖音,NewBrand,早C晚A精华套装,夏季修护专题,电商评价,产品质量风险,neutral,0.0,0.3,[0.03258629 0.03243525 0.03230016 0.03242337 0.87025493],4,0.870254927240459
说实话，客服解释成分很专业，售后响应也快，这点比竞品体验好。还会继续观察。我是油敏皮，达人链接下单，用了2次，鼻翼和脸颊反应最明显。,2026-05-28 03:00:00,111,26,B站,竞品A,屏障修护面霜,618大促,话题讨论,正向口碑,positive,1.5,1.0,[0.02866772 0.88477387 0.02864805 0.02898813 0.02892223],1,0.8847738703813631
说实话，用了早C晚A精华套装之后脸颊刺痛泛红，严重辣脸，第二天还起了小疹子。大家怎么看？我是混油皮，直播间入手，用了2次，客服回复会直接影响我是否复购。,2026-05-31 06:38:00,44,14,B站,NewBrand,早C晚A精华套装,新品上市,话题讨论,售后体验不满,negative,-1.0,1.0,[0.0281278  0.88823344 0.02771842 0.02783619 0.02808415],1,0.8882334386102486
测评后感觉，客服回复速度还行，但对过敏问题的解释比较模板化。我是屏障受损肌，直播间入手，用了2次，鼻翼和脸颊反应最明显。,2026-05-26 14:28:00,47,5,抖音,NewBrand,舒缓保湿面膜,新品上市,电商评价,中性观察,negative,-1.0,1.0,[0.03059508 0.87768329 0.03041256 0.03058564 0.03072343],1,0.8776832900872192
用了几天，NewBrand广告说温和修护，但我用完明显过敏，这种宣传太离谱。我是正常偏干，旗舰店买的，空瓶半瓶后，大促期间看到很多类似反馈。,2026-06-01 01:04:00,192,69,京东评价,NewBrand,温和洁面乳,达人测评,话题讨论,产品质量风险,neutral,-0.125,0.425,[0.02843005 0.88640746 0.02807127 0.02819248 0.02889875],1,0.8864074627618659
客服回复速度还行，但对过敏问题的解释比较模板化。大家怎么看？我是正常偏干，朋友推荐后购买，用了1周，评论区反馈分化很明显。,2026-05-24 09:54:00,65,8,微博,竞品B,温和洁面乳,新品上市,达人笔记,中性观察,negative,-1.0,1.0,[0.03009527 0.87981554 0.02988312 0.03001934 0.03018674],1,0.87981553650869
姐妹们，客服解释成分很专业，售后响应也快，这点比竞品体验好。不建议盲买。我是痘肌，小样试用后入正装，用了1周，鼻翼和脸颊反应最明显。,2026-05-27 10:47:00,22,8,京东评价,竞品A,屏障修护面霜,夏季修护专题,短视频评论,正向口碑,positive,1.5,1.0,[0.02878445 0.88437511 0.02880954 0.02912548 0.02890543],1,0.8843751071011077
测评后感觉，成分表看起来偏修护，敏感肌最好先做局部测试。不建议盲买。我是油敏皮，小样试用后入正装，早晚用了4天，大促期间看到很多类似反馈。,2026-05-28 20:35:00,39,9,天猫评价,竞品A,舒缓保湿面膜,敏感肌种草,用户评论,中性观察,positive,1.0,1.0,[0.02800746 0.02785622 0.62030203 0.02763173 0.29620256],2,0.620302027407998
如果后续能补充第三方检测和适用人群说明，会更放心。不建议盲买。我是正常偏干，大促囤货，连续用了3天，大促期间看到很多类似反馈。,2026-05-31 01:27:00,7,11,B站,NewBrand,舒缓保湿面膜,夏季修护专题,电商评价,中性观察,neutral,0.0,0.5,[0.02953322 0.02935564 0.02900992 0.55199482 0.36010641],3,0.5519948158059109
姐妹们，敏感肌用早C晚A精华套装很安心，泛红稳定下来，保湿感也不错。大家怎么看？我是屏障受损肌，达人链接下单，用了1周，鼻翼和脸颊反应最明显。,2026-05-25 14:56:00,39,4,抖音,竞品B,早C晚A精华套装,达人测评,短视频评论,正向口碑,positive,0.625,0.925,[0.02945251 0.88163601 0.02940438 0.02973582 0.02977127],1,0.8816360078626571
测评后感觉，用了屏障修护面霜之后脸颊刺痛泛红，严重辣脸，第二天还起了小疹子。不建议盲买。我是油敏皮，大促囤货，刚上脸10分钟，客服回复会直接影响我是否复购。,2026-05-28 17:11:00,130,2,B站,NewBrand,屏障修护面霜,618大促,达人笔记,广告承诺争议,negative,-0.5,0.8,[0.02526349 0.89969845 0.02490538 0.02501609 0.0251166 ],1,0.8996984467645543
测评后感觉，保湿和提亮都比较自然，不是那种立刻假白的效果。还会继续观察。我是沙漠干皮，直播间入手，用了2次，后续上妆状态变化很大。,2026-05-31 02:56:00,56,5,天猫评价,竞品B,屏障修护面霜,达人测评,话题讨论,正向口碑,positive,1.0,1.0,[0.88991824 0.02750745 0.02731318 0.02750792 0.02775321],0,0.889918239022073
屏障修护面霜肤感还可以，但功效需要再观察，暂时没有特别惊喜。还会继续观察。我是痘肌，旗舰店买的，空瓶半瓶后，大促期间看到很多类似反馈。,2026-05-27 17:42:00,43,8,京东评价,NewBrand,屏障修护面霜,敏感肌种草,短视频评论,中性观察,neutral,-0.25,0.55,[0.02813373 0.1235635  0.02799154 0.02853318 0.79177804],4,0.7917780423407457
测评后感觉，保湿和提亮都比较自然，不是那种立刻假白的效果。我是油敏皮，朋友推荐后购买，早晚用了4天，客服回复会直接影响我是否复购。,2026-05-25 22:44:00,73,16,B站,NewBrand,光感修护精华液,新品上市,话题讨论,正向口碑,positive,1.0,1.0,[0.89014507 0.02769567 0.027257   0.02741847 0.02748379],0,0.8901450675302368
用了几天，质地看着高级，上脸却搓泥，后续上妆完全不服帖，踩雷。希望品牌给个明确说明。我是屏障受损肌，达人链接下单，空瓶半瓶后，评论区反馈分化很明显。,2026-05-26 21:07:00,60,4,京东评价,NewBrand,屏障修护面霜,新品上市,达人笔记,价格价值争议,negative,-1.0,1.0,[0.88847487 0.02786532 0.02769499 0.02795339 0.02801143],0,0.888474873169066
测评后感觉，如果后续能补充第三方检测和适用人群说明，会更放心。不建议盲买。我是正常偏干，达人链接下单，空瓶半瓶后，客服回复会直接影响我是否复购。,2026-05-30 14:17:00,2,6,抖音,竞品A,光感修护精华液,夏季修护专题,用户评论,中性观察,neutral,0.0,0.5,[0.02790368 0.0274877  0.02696401 0.89022436 0.02742026],3,0.8902243595073069
用了几天，活动价还可以，套装搭配合理，适合第一次尝试这个系列。不建议盲买。我是痘肌，旗舰店买的，早晚用了4天，评论区反馈分化很明显。,2026-05-31 15:54:00,35,9,小红书,NewBrand,屏障修护面霜,夏季修护专题,用户评论,正向口碑,positive,1.0,1.0,[0.03082368 0.030852   0.03072075 0.03082057 0.87678299],4,0.8767829943832479
用了几天，用了舒缓保湿面膜之后脸颊刺痛泛红，严重辣脸，第二天还起了小疹子。还会继续观察。我是痘肌，达人链接下单，空瓶半瓶后，和同价位竞品对比差异明显。,2026-05-28 06:30:00,231,47,小红书,竞品A,舒缓保湿面膜,敏感肌种草,达人笔记,达人内容质疑,negative,-0.5,0.8,[0.02681677 0.8923946  0.02696188 0.02691759 0.02690916],1,0.892394602940001
客服一直让我再观察，没有给明确处理方案，售后体验真的差。还会继续观察。我是痘肌，朋友推荐后购买，连续用了3天，评论区反馈分化很明显。,2026-06-01 07:56:00,169,23,小红书,竞品B,早C晚A精华套装,夏季修护专题,达人笔记,价格价值争议,positive,1.5,1.0,[0.02944816 0.02961988 0.02932332 0.88179726 0.02981138],3,0.8817972592598676
测评后感觉，客服一直让我再观察，没有给明确处理方案，售后体验真的差。不建议盲买。我是混油皮，达人链接下单，刚上脸10分钟，这个点对敏感肌很关键。,2026-05-25 00:59:00,152,16,B站,NewBrand,光感修护精华液,达人测评,话题讨论,价格价值争议,positive,1.5,1.0,[0.02816645 0.02815299 0.02790412 0.88760105 0.0281754 ],3,0.8876010475747578
测评后感觉，客服解释成分很专业，售后响应也快，这点比竞品体验好。还会继续观察。我是正常偏干，达人链接下单，早晚用了4天，评论区反馈分化很明显。,2026-05-24 18:23:00,28,2,抖音,竞品C,屏障修护面霜,新品上市,短视频评论,正向口碑,positive,1.5,1.0,[0.02721941 0.89103013 0.0270614  0.02732418 0.02736488],1,0.8910301268824963
用了几天，这次早C晚A精华套装真的好用，质地清爽不黏，早上上妆也不搓泥，已经准备回购。不建议盲买。我是沙漠干皮，直播间入手，用了2次，大促期间看到很多类似反馈。,2026-05-31 18:18:00,39,6,小红书,NewBrand,早C晚A精华套装,达人测评,话题讨论,正向口碑,positive,0.5,0.8,[0.02616793 0.02623257 0.02580347 0.64810614 0.27368988],3,0.648106141667748
说实话，这次光感修护精华液真的好用，质地清爽不黏，早上上妆也不搓泥，已经准备回购。我是沙漠干皮，旗舰店买的，用了2次，大促期间看到很多类似反馈。,2026-05-28 08:44:00,104,3,B站,NewBrand,光感修护精华液,夏季修护专题,电商评价,正向口碑,positive,0.625,0.925,[0.02746243 0.02754001 0.02675337 0.74823181 0.17001237],3,0.7482318108995539
用了屏障修护面霜之后脸颊刺痛泛红，严重辣脸，第二天还起了小疹子。希望品牌给个明确说明。我是屏障受损肌，旗舰店买的，连续用了3天，大促期间看到很多类似反馈。,2026-05-27 22:35:00,31,20,天猫评价,NewBrand,屏障修护面霜,618大促,电商评价,产品质量风险,neutral,-0.2,0.5,[0.02643447 0.89475172 0.02609123 0.02621032 0.02651226],1,0.8947517200315116
活动价还可以，套装搭配合理，适合第一次尝试这个系列。希望品牌给个明确说明。我是痘肌，达人链接下单，早晚用了4天，评论区反馈分化很明显。,2026-05-29 04:26:00,58,1,小红书,NewBrand,光感修护精华液,新品上市,短视频评论,正向口碑,positive,1.0,1.0,[0.02956427 0.02956681 0.02934644 0.02956229 0.88196019],4,0.8819601906012454
用了早C晚A精华套装之后脸颊刺痛泛红，严重辣脸，第二天还起了小疹子。我是屏障受损肌，朋友推荐后购买，用了1周，评论区反馈分化很明显。,2026-05-27 03:40:00,209,30,天猫评价,竞品A,早C晚A精华套装,夏季修护专题,达人笔记,价格价值争议,negative,-1.0,1.0,[0.02919674 0.88283153 0.02910654 0.02929287 0.02957233],1,0.8828315280326369
姐妹们，达人笔记全在夸，评论区却很多人说刺激，品牌是不是控评了。我是干敏皮，小样试用后入正装，早晚用了4天，鼻翼和脸颊反应最明显。,2026-05-28 11:24:00,144,17,抖音,竞品C,舒缓保湿面膜,新品上市,用户评论,产品质量风险,negative,-1.0,1.0,[0.02964537 0.02962023 0.02961192 0.88147714 0.02964534],3,0.8814771363842981
用了几天，保湿和提亮都比较自然，不是那种立刻假白的效果。不建议盲买。我是痘肌，旗舰店买的，用了1周，这个点对敏感肌很关键。,2026-05-29 18:09:00,47,2,B站,竞品C,舒缓保湿面膜,敏感肌种草,话题讨论,正向口碑,positive,1.0,1.0,[0.8703017  0.03240724 0.03231454 0.03238112 0.03259541],0,0.870301696202854
姐妹们，这次光感修护精华液真的好用，质地清爽不黏，早上上妆也不搓泥，已经准备回购。还会继续观察。我是干敏皮，大促囤货，用了2次，这个点对敏感肌很关键。,2026-05-28 06:53:00,136,8,抖音,NewBrand,光感修护精华液,敏感肌种草,用户评论,正向口碑,positive,0.625,0.925,[0.02750685 0.02783645 0.02779226 0.88914874 0.02771571],3,0.8891487360471041
用了几天，价格比竞品贵一截，但效果没有宣传那么夸张，感觉被种草文骗了。不建议盲买。我是沙漠干皮，大促囤货，空瓶半瓶后，鼻翼和脸颊反应最明显。,2026-05-28 03:33:00,177,3,天猫评价,NewBrand,温和洁面乳,达人测评,达人笔记,售后体验不满,neutral,0.0,0.5,[0.02676369 0.02679781 0.02669395 0.8929403  0.02680426],3,0.89294029658202
用了几天，敏感肌用舒缓保湿面膜很安心，泛红稳定下来，保湿感也不错。不建议盲买。我是干敏皮，达人链接下单，用了1周，大促期间看到很多类似反馈。,2026-05-27 04:38:00,37,1,天猫评价,竞品B,舒缓保湿面膜,敏感肌种草,达人笔记,正向口碑,positive,0.7,1.0,[0.02879753 0.88526667 0.02855382 0.02857419 0.02880779],1,0.8852666702268708
姐妹们，包装设计挺好看，但更关心长期使用后的稳定性。还会继续观察。我是沙漠干皮，小样试用后入正装，用了2次，鼻翼和脸颊反应最明显。,2026-05-25 03:00:00,33,30,小红书,竞品C,屏障修护面霜,夏季修护专题,用户评论,中性观察,neutral,0.0,0.5,[0.02840542 0.02854371 0.88542429 0.02894954 0.02867703],2,0.8854242935756071
测评后感觉，如果后续能补充第三方检测和适用人群说明，会更放心。我是沙漠干皮，旗舰店买的，刚上脸10分钟，客服回复会直接影响我是否复购。,2026-05-28 07:53:00,45,3,京东评价,NewBrand,屏障修护面霜,618大促,话题讨论,中性观察,neutral,0.0,0.5,[0.2343066  0.02870192 0.02811571 0.68031122 0.02856456],3,0.6803112165784034
姐妹们，达人笔记全在夸，评论区却很多人说刺激，品牌是不是控评了。还会继续观察。我是沙漠干皮，朋友推荐后购买，空瓶半瓶后，这个点对敏感肌很关键。,2026-05-29 04:45:00,249,61,微博,竞品C,温和洁面乳,618大促,短视频评论,价格价值争议,negative,-1.0,1.0,[0.02813503 0.02819014 0.02801317 0.88733662 0.02832504],3,0.8873366195141585
说实话，达人测评没有夸张，实际使用确实温和，油皮也能接受。不建议盲买。我是沙漠干皮，朋友推荐后购买，用了1周，后续上妆状态变化很大。,2026-05-31 04:14:00,47,4,微博,竞品C,早C晚A精华套装,618大促,达人笔记,正向口碑,negative,-1.5,1.0,[0.8846174  0.02877169 0.02854975 0.02897573 0.02908543],0,0.8846174002218414
姐妹们，包装设计挺好看，但更关心长期使用后的稳定性。还会继续观察。我是屏障受损肌，朋友推荐后购买，连续用了3天，希望品牌补充适用人群说明。,2026-06-01 02:02:00,8,4,B站,NewBrand,舒缓保湿面膜,618大促,用户评论,中性观察,positive,1.0,1.0,[0.02799224 0.02837589 0.88680178 0.02806615 0.02876393],2,0.8868017844292361
用了光感修护精华液之后脸颊刺痛泛红，严重辣脸，第二天还起了小疹子。我是油敏皮，直播间入手，连续用了3天，希望品牌补充适用人群说明。,2026-05-28 18:03:00,71,41,B站,NewBrand,光感修护精华液,夏季修护专题,电商评价,售后体验不满,neutral,-0.2,0.5,[0.02882994 0.88562956 0.02850323 0.02853967 0.0284976 ],1,0.885629563396382
姐妹们，用了舒缓保湿面膜之后脸颊刺痛泛红，严重辣脸，第二天还起了小疹子。大家怎么看？我是沙漠干皮，大促囤货，刚上脸10分钟，客服回复会直接影响我是否复购。,2026-05-31 23:05:00,160,21,天猫评价,竞品A,舒缓保湿面膜,夏季修护专题,短视频评论,广告承诺争议,negative,-0.5,0.8,[0.02578615 0.89756813 0.0254242  0.02557415 0.02564737],1,0.8975681297286501
姐妹们，客服回复速度还行，但对过敏问题的解释比较模板化。大家怎么看？我是干敏皮，旗舰店买的，连续用了3天，后续上妆状态变化很大。,2026-05-27 12:09:00,15,7,天猫评价,NewBrand,早C晚A精华套装,敏感肌种草,电商评价,中性观察,negative,-1.0,1.0,[0.03113995 0.87650293 0.03065393 0.03073266 0.03097054],1,0.8765029298914697
说实话，用了光感修护精华液之后脸颊刺痛泛红，严重辣脸，第二天还起了小疹子。不建议盲买。我是混油皮，朋友推荐后购买，空瓶半瓶后，这个点对敏感肌很关键。,2026-05-24 13:20:00,50,6,京东评价,NewBrand,光感修护精华液,618大促,达人笔记,价格价值争议,negative,-0.5,0.8,[0.02770638 0.88963264 0.02724175 0.02781789 0.02760134],1,0.8896326401466221
说实话，活动价还可以，套装搭配合理，适合第一次尝试这个系列。我是混油皮，达人链接下单，用了1周，评论区反馈分化很明显。,2026-05-25 05:17:00,34,14,京东评价,NewBrand,舒缓保湿面膜,敏感肌种草,电商评价,正向口碑,positive,1.0,1.0,[0.03185262 0.03187684 0.03174834 0.03193925 0.87258294],4,0.8725829411749443
用了几天，竞品最近也在推类似概念，想看更真实的横评对比。希望品牌给个明确说明。我是正常偏干，旗舰店买的，连续用了3天，这个点对敏感肌很关键。,2026-05-28 08:59:00,32,8,小红书,NewBrand,光感修护精华液,夏季修护专题,达人笔记,中性观察,positive,1.0,1.0,[0.03077562 0.03061793 0.8770086  0.03043853 0.03115932],2,0.877008599006768
测评后感觉，这次温和洁面乳真的好用，质地清爽不黏，早上上妆也不搓泥，已经准备回购。不建议盲买。我是干敏皮，小样试用后入正装，用了2次，评论区反馈分化很明显。,2026-05-26 23:06:00,89,34,B站,竞品A,温和洁面乳,新品上市,话题讨论,正向口碑,positive,0.625,0.925,[0.02621621 0.02633139 0.02594269 0.89539986 0.02610985],3,0.8953998564288351
质地看着高级，上脸却搓泥，后续上妆完全不服帖，踩雷。还会继续观察。我是痘肌，旗舰店买的，刚上脸10分钟，和同价位竞品对比差异明显。,2026-05-28 18:03:00,95,10,小红书,NewBrand,舒缓保湿面膜,敏感肌种草,话题讨论,价格价值争议,neutral,0.0,0.5,[0.88188651 0.02943388 0.02947785 0.0295073  0.02969446],0,0.8818865109175955
姐妹们，达人测评没有夸张，实际使用确实温和，油皮也能接受。还会继续观察。我是干敏皮，大促囤货，连续用了3天，客服回复会直接影响我是否复购。,2026-05-24 19:46:00,37,17,微博,竞品A,屏障修护面霜,夏季修护专题,话题讨论,正向口碑,negative,-1.5,1.0,[0.88999586 0.02755122 0.02741409 0.0274092  0.02762963],0,0.8899958580983821
姐妹们，包装设计挺好看，但更关心长期使用后的稳定性。还会继续观察。我是痘肌，小样试用后入正装，空瓶半瓶后，希望品牌补充适用人群说明。,2026-05-29 01:19:00,14,5,小红书,竞品C,光感修护精华液,夏季修护专题,用户评论,中性观察,positive,1.0,1.0,[0.02804306 0.02782335 0.88838037 0.02788846 0.02786475],2,0.8883803704607427
说实话，质地看着高级，上脸却搓泥，后续上妆完全不服帖，踩雷。希望品牌给个明确说明。我是外油内干，小样试用后入正装，连续用了3天，后续上妆状态变化很大。,2026-05-28 03:48:00,115,19,B站,NewBrand,温和洁面乳,618大促,达人笔记,产品质量风险,negative,-1.0,1.0,[0.88563248 0.02857885 0.0284451  0.028641   0.02870255],0,0.8856324830392068
说实话，保湿和提亮都比较自然，不是那种立刻假白的效果。我是沙漠干皮，大促囤货，空瓶半瓶后，评论区反馈分化很明显。,2026-05-24 22:58:00,102,21,B站,NewBrand,早C晚A精华套装,夏季修护专题,达人笔记,正向口碑,positive,1.0,1.0,[0.88486964 0.02871798 0.02850219 0.02905971 0.02885047],0,0.8848696441430592
用了几天，价格比竞品贵一截，但效果没有宣传那么夸张，感觉被种草文骗了。还会继续观察。我是外油内干，旗舰店买的，空瓶半瓶后，鼻翼和脸颊反应最明显。,2026-05-24 13:27:00,118,18,小红书,竞品A,屏障修护面霜,618大促,话题讨论,产品质量风险,neutral,0.0,0.5,[0.02745074 0.02741332 0.02736668 0.8900615  0.02770776],3,0.8900614995908928
用了几天，达人笔记全在夸，评论区却很多人说刺激，品牌是不是控评了。希望品牌给个明确说明。我是痘肌，达人链接下单，刚上脸10分钟，鼻翼和脸颊反应最明显。,2026-05-30 23:14:00,92,13,京东评价,NewBrand,舒缓保湿面膜,敏感肌种草,短视频评论,售后体验不满,neutral,0.0,0.3,[0.02811838 0.02796572 0.0278268  0.88809415 0.02799496],3,0.8880941478950227
测评后感觉，达人测评没有夸张，实际使用确实温和，油皮也能接受。不建议盲买。我是痘肌，达人链接下单，连续用了3天，和同价位竞品对比差异明显。,2026-05-28 14:54:00,107,6,天猫评价,竞品A,屏障修护面霜,618大促,达人笔记,正向口碑,negative,-1.5,1.0,[0.88307887 0.02939246 0.02918847 0.02921729 0.02912291],0,0.8830788676037238
用了几天，保湿和提亮都比较自然，不是那种立刻假白的效果。大家怎么看？我是正常偏干，直播间入手，连续用了3天，评论区反馈分化很明显。,2026-05-26 08:42:00,23,21,微博,竞品C,温和洁面乳,618大促,短视频评论,正向口碑,positive,1.0,1.0,[0.88514468 0.02868213 0.02858114 0.02865186 0.02894019],0,0.8851446801592098
姐妹们，达人测评没有夸张，实际使用确实温和，油皮也能接受。希望品牌给个明确说明。我是屏障受损肌，直播间入手，用了1周，后续上妆状态变化很大。,2026-05-26 22:24:00,35,7,微博,NewBrand,舒缓保湿面膜,618大促,用户评论,正向口碑,neutral,-0.25,0.55,[0.88738106 0.02815025 0.02800117 0.02811849 0.02834903],0,0.8873810622773114
姐妹们，达人笔记全在夸，评论区却很多人说刺激，品牌是不是控评了。希望品牌给个明确说明。我是油敏皮，大促囤货，用了1周，后续上妆状态变化很大。,2026-05-25 16:23:00,109,70,天猫评价,NewBrand,舒缓保湿面膜,敏感肌种草,话题讨论,达人内容质疑,neutral,0.0,0.3,[0.02948783 0.02934851 0.02919504 0.88214383 0.02982479],3,0.8821438292669461
说实话，竞品A这波新品包装和肤感都比以前细腻，吸收快，味道也克制。不建议盲买。我是痘肌，朋友推荐后购买，连续用了3天，客服回复会直接影响我是否复购。,2026-06-01 07:21:00,206,5,天猫评价,竞品A,温和洁面乳,达人测评,电商评价,正向口碑,positive,1.0,1.0,[0.02704642 0.02717515 0.02669616 0.02683435 0.89224792],4,0.8922479157991864
说实话，早C晚A精华套装肤感还可以，但功效需要再观察，暂时没有特别惊喜。我是沙漠干皮，旗舰店买的，空瓶半瓶后，这个点对敏感肌很关键。,2026-05-25 00:47:00,22,8,抖音,竞品B,早C晚A精华套装,达人测评,达人笔记,中性观察,negative,-1.5,1.0,[0.03092209 0.03134617 0.03085767 0.0312218  0.87565227],4,0.8756522728206588
用了几天，达人笔记全在夸，评论区却很多人说刺激，品牌是不是控评了。不建议盲买。我是外油内干，朋友推荐后购买，空瓶半瓶后，这个点对敏感肌很关键。,2026-05-31 03:56:00,81,32,抖音,竞品A,屏障修护面霜,敏感肌种草,电商评价,价格价值争议,negative,-1.0,1.0,[0.02929898 0.02940289 0.02923271 0.88255052 0.0295149 ],3,0.8825505211924909
测评后感觉，活动价还可以，套装搭配合理，适合第一次尝试这个系列。希望品牌给个明确说明。我是油敏皮，朋友推荐后购买，空瓶半瓶后，这个点对敏感肌很关键。,2026-05-25 13:26:00,160,2,京东评价,NewBrand,舒缓保湿面膜,618大促,话题讨论,正向口碑,positive,1.0,1.0,[0.02761903 0.02753312 0.02737074 0.02762461 0.88985251],4,0.8898525076095903
测评后感觉，温和洁面乳肤感还可以，但功效需要再观察，暂时没有特别惊喜。大家怎么看？我是屏障受损肌，直播间入手，空瓶半瓶后，客服回复会直接影响我是否复购。,2026-05-31 06:54:00,32,4,京东评价,竞品C,温和洁面乳,敏感肌种草,话题讨论,中性观察,neutral,-0.25,0.55,[0.02703589 0.02696622 0.02644109 0.02667771 0.89287909],4,0.8928790919586601
用了几天，质地看着高级，上脸却搓泥，后续上妆完全不服帖，踩雷。希望品牌给个明确说明。我是痘肌，旗舰店买的，早晚用了4天，大促期间看到很多类似反馈。,2026-05-25 09:15:00,105,5,小红书,竞品A,舒缓保湿面膜,新品上市,话题讨论,达人内容质疑,negative,-1.0,1.0,[0.88448592 0.02887898 0.02867745 0.02878561 0.02917204],0,0.8844859193515247
说实话，价格比竞品贵一截，但效果没有宣传那么夸张，感觉被种草文骗了。我是屏障受损肌，小样试用后入正装，用了1周，和同价位竞品对比差异明显。,2026-05-30 19:59:00,139,15,京东评价,NewBrand,光感修护精华液,敏感肌种草,用户评论,售后体验不满,neutral,0.0,0.5,[0.02798107 0.02799959 0.0280307  0.88788534 0.0281033 ],3,0.8878853390918322
姐妹们，竞品最近也在推类似概念，想看更真实的横评对比。我是干敏皮，直播间入手，用了2次，客服回复会直接影响我是否复购。,2026-05-28 06:12:00,29,5,小红书,竞品A,温和洁面乳,618大促,用户评论,中性观察,neutral,0.0,0.5,[0.29527498 0.03157988 0.61104974 0.03093983 0.03115558],2,0.6110497413462482
竞品最近也在推类似概念，想看更真实的横评对比。我是油敏皮，大促囤货，用了2次，鼻翼和脸颊反应最明显。,2026-05-26 12:38:00,4,19,天猫评价,竞品A,早C晚A精华套装,敏感肌种草,短视频评论,中性观察,neutral,0.0,0.5,[0.03384071 0.03405395 0.86377702 0.03424386 0.03408447],2,0.8637770193237483
测评后感觉，客服一直让我再观察，没有给明确处理方案，售后体验真的差。希望品牌给个明确说明。我是干敏皮，小样试用后入正装，用了1周，评论区反馈分化很明显。,2026-05-25 08:36:00,19,16,B站,竞品C,温和洁面乳,敏感肌种草,电商评价,产品质量风险,positive,1.25,1.0,[0.02704741 0.02704355 0.02692113 0.89195199 0.02703592],3,0.8919519852825128
姐妹们，用了三天爆痘，停用后才慢慢好，不敢继续用了。我是痘肌，小样试用后入正装，连续用了3天，希望品牌补充适用人群说明。,2026-05-26 05:38:00,116,37,B站,竞品B,温和洁面乳,达人测评,电商评价,产品质量风险,positive,0.333,0.633,[0.03150746 0.03163114 0.03145369 0.03151584 0.87389187],4,0.873891868944898
用了几天，竞品最近也在推类似概念，想看更真实的横评对比。我是屏障受损肌，直播间入手，空瓶半瓶后，后续上妆状态变化很大。,2026-05-25 09:17:00,124,12,天猫评价,NewBrand,屏障修护面霜,达人测评,短视频评论,中性观察,neutral,0.0,0.5,[0.03084507 0.03064644 0.51590045 0.03072324 0.3918848 ],2,0.515900449652121
测评后感觉，客服回复速度还行，但对过敏问题的解释比较模板化。我是油敏皮，小样试用后入正装，用了2次，和同价位竞品对比差异明显。,2026-05-30 22:43:00,53,1,京东评价,竞品A,光感修护精华液,新品上市,电商评价,中性观察,negative,-1.0,1.0,[0.02917502 0.88329969 0.02919454 0.02914167 0.02918908],1,0.8832996852860022
测评后感觉，敏感肌用温和洁面乳很安心，泛红稳定下来，保湿感也不错。还会继续观察。我是正常偏干，小样试用后入正装，用了2次，大促期间看到很多类似反馈。,2026-05-30 11:24:00,79,3,B站,NewBrand,温和洁面乳,达人测评,话题讨论,正向口碑,positive,0.7,1.0,[0.02644831 0.89444548 0.02618696 0.02628726 0.02663199],1,0.8944454821286394
用了几天，连续用了一周，温和洁面乳对换季干燥有改善，修护感很明显。我是油敏皮，旗舰店买的，刚上脸10分钟，后续上妆状态变化很大。,2026-05-31 07:10:00,8,6,小红书,竞品A,温和洁面乳,敏感肌种草,用户评论,正向口碑,positive,1.0,1.0,[0.0300467  0.88037199 0.02954371 0.02984129 0.03019631],1,0.8803719896098439
姐妹们，达人笔记全在夸，评论区却很多人说刺激，品牌是不是控评了。不建议盲买。我是油敏皮，小样试用后入正装，空瓶半瓶后，希望品牌补充适用人群说明。,2026-05-30 02:33:00,95,22,B站,NewBrand,温和洁面乳,夏季修护专题,用户评论,产品质量风险,negative,-1.0,1.0,[0.02777527 0.02785815 0.02761955 0.88938626 0.02736078],3,0.8893862566310657
客服解释成分很专业，售后响应也快，这点比竞品体验好。不建议盲买。我是正常偏干，直播间入手，空瓶半瓶后，客服回复会直接影响我是否复购。,2026-05-27 14:00:00,60,1,B站,竞品C,温和洁面乳,新品上市,达人笔记,正向口碑,positive,1.5,1.0,[0.02740755 0.89097382 0.02704078 0.0272032  0.02737465],1,0.8909738156166283
用了几天，客服解释成分很专业，售后响应也快，这点比竞品体验好。不建议盲买。我是油敏皮，大促囤货，早晚用了4天，希望品牌补充适用人群说明。,2026-05-28 04:00:00,36,4,B站,竞品B,屏障修护面霜,新品上市,话题讨论,正向口碑,neutral,0.25,0.55,[0.02818382 0.88726228 0.02809074 0.0282294  0.02823376],1,0.8872622769870501
说实话，连续用了一周，舒缓保湿面膜对换季干燥有改善，修护感很明显。希望品牌给个明确说明。我是正常偏干，朋友推荐后购买，早晚用了4天，后续上妆状态变化很大。,2026-05-28 17:48:00,27,16,抖音,NewBrand,舒缓保湿面膜,新品上市,达人笔记,正向口碑,positive,1.125,1.0,[0.02655807 0.89434684 0.0262069  0.02633788 0.02655031],1,0.894346840903253
说实话，敏感肌用屏障修护面霜很安心，泛红稳定下来，保湿感也不错。大家怎么看？我是混油皮，朋友推荐后购买，连续用了3天，鼻翼和脸颊反应最明显。,2026-05-25 10:58:00,114,11,天猫评价,竞品A,屏障修护面霜,618大促,电商评价,正向口碑,positive,0.7,1.0,[0.02852739 0.88577027 0.02837723 0.02864974 0.02867536],1,0.8857702729848596
姐妹们，竞品B这次活动力度一般，赠品多但主品价格没有太大优势。还会继续观察。我是痘肌，旗舰店买的，刚上脸10分钟，这个点对敏感肌很关键。,2026-05-27 09:22:00,65,5,小红书,竞品B,舒缓保湿面膜,达人测评,短视频评论,中性观察,neutral,0.0,0.5,[0.02915267 0.02911961 0.02923805 0.02919542 0.88329425],4,0.8832942533192085
说实话，成分表看起来偏修护，敏感肌最好先做局部测试。希望品牌给个明确说明。我是外油内干，小样试用后入正装，用了1周，希望品牌补充适用人群说明。,2026-05-26 10:25:00,23,23,小红书,NewBrand,光感修护精华液,618大促,短视频评论,中性观察,positive,1.0,1.0,[0.02965332 0.02940367 0.88206011 0.02945044 0.02943246],2,0.8820601126728617
用了几天，NewBrand这次活动力度一般，赠品多但主品价格没有太大优势。还会继续观察。我是屏障受损肌，达人链接下单，空瓶半瓶后，后续上妆状态变化很大。,2026-05-29 00:44:00,39,8,抖音,NewBrand,光感修护精华液,新品上市,用户评论,中性观察,neutral,0.0,0.5,[0.02682528 0.02685279 0.02672798 0.02690276 0.89269118],4,0.8926911814177595
NewBrand广告说温和修护，但我用完明显过敏，这种宣传太离谱。我是屏障受损肌，旗舰店买的，早晚用了4天，客服回复会直接影响我是否复购。,2026-05-29 05:39:00,66,37,微博,NewBrand,舒缓保湿面膜,达人测评,用户评论,产品质量风险,neutral,-0.125,0.425,[0.02957037 0.88259626 0.02907378 0.02930879 0.0294508 ],1,0.8825962595336632
用了几天，价格比竞品贵一截，但效果没有宣传那么夸张，感觉被种草文骗了。希望品牌给个明确说明。我是屏障受损肌，大促囤货，空瓶半瓶后，这个点对敏感肌很关键。,2026-05-24 13:56:00,120,18,天猫评价,NewBrand,光感修护精华液,达人测评,电商评价,达人内容质疑,negative,-1.0,1.0,[0.02707252 0.02701087 0.0268536  0.89192428 0.02713872],3,0.8919242796415271
达人笔记全在夸，评论区却很多人说刺激，品牌是不是控评了。不建议盲买。我是混油皮，直播间入手，用了2次，评论区反馈分化很明显。,2026-05-27 19:30:00,61,7,B站,NewBrand,舒缓保湿面膜,新品上市,短视频评论,价格价值争议,negative,-1.0,1.0,[0.03157955 0.03151007 0.03123929 0.87425015 0.03142094],3,0.8742501539867441
包装设计挺好看，但更关心长期使用后的稳定性。希望品牌给个明确说明。我是正常偏干，直播间入手，早晚用了4天，和同价位竞品对比差异明显。,2026-05-31 03:23:00,63,4,天猫评价,NewBrand,舒缓保湿面膜,618大促,用户评论,中性观察,positive,1.0,1.0,[0.02849002 0.02832882 0.88648037 0.02829084 0.02840995],2,0.886480368464468
姐妹们，敏感肌用光感修护精华液很安心，泛红稳定下来，保湿感也不错。不建议盲买。我是正常偏干，直播间入手，连续用了3天，后续上妆状态变化很大。,2026-05-27 05:39:00,133,22,B站,竞品B,光感修护精华液,达人测评,电商评价,正向口碑,positive,0.7,1.0,[0.02850596 0.88651656 0.02821717 0.02832079 0.02843953],1,0.8865165556448542
用了几天，NewBrand这次活动力度一般，赠品多但主品价格没有太大优势。还会继续观察。我是正常偏干，达人链接下单，用了2次，鼻翼和脸颊反应最明显。,2026-05-31 04:20:00,94,6,京东评价,NewBrand,舒缓保湿面膜,敏感肌种草,达人笔记,中性观察,neutral,0.0,0.5,[0.02797586 0.02801288 0.02786074 0.02814566 0.88800487],4,0.8880048669140761
连续用了一周，舒缓保湿面膜对换季干燥有改善，修护感很明显。大家怎么看？我是油敏皮，朋友推荐后购买，连续用了3天，大促期间看到很多类似反馈。,2026-05-24 15:37:00,122,5,京东评价,NewBrand,舒缓保湿面膜,敏感肌种草,话题讨论,正向口碑,positive,1.0,1.0,[0.02788056 0.88894929 0.02753313 0.02762579 0.02801122],1,0.888949291535808
保湿和提亮都比较自然，不是那种立刻假白的效果。大家怎么看？我是外油内干，大促囤货，用了2次，和同价位竞品对比差异明显。,2026-05-31 14:18:00,28,8,小红书,NewBrand,光感修护精华液,敏感肌种草,话题讨论,正向口碑,positive,1.0,1.0,[0.88004318 0.02997159 0.02994269 0.03004332 0.02999922],0,0.8800431813543435
这次早C晚A精华套装真的好用，质地清爽不黏，早上上妆也不搓泥，已经准备回购。希望品牌给个明确说明。我是沙漠干皮，大促囤货，用了2次，后续上妆状态变化很大。,2026-05-27 15:52:00,95,8,抖音,NewBrand,早C晚A精华套装,新品上市,话题讨论,正向口碑,positive,0.625,0.925,[0.02685448 0.02704597 0.02657493 0.89160316 0.02792147],3,0.8916031555229669
测评后感觉，竞品A广告说温和修护，但我用完明显过敏，这种宣传太离谱。还会继续观察。我是外油内干，直播间入手，用了2次，这个点对敏感肌很关键。,2026-05-29 08:51:00,26,6,小红书,竞品A,舒缓保湿面膜,新品上市,话题讨论,售后体验不满,neutral,-0.125,0.425,[0.0300247  0.87951195 0.02994075 0.03003517 0.03048743],1,0.879511952829961
测评后感觉，价格比竞品贵一截，但效果没有宣传那么夸张，感觉被种草文骗了。不建议盲买。我是屏障受损肌，小样试用后入正装，早晚用了4天，大促期间看到很多类似反馈。,2026-05-27 01:50:00,100,7,微博,竞品A,光感修护精华液,夏季修护专题,用户评论,产品质量风险,neutral,0.0,0.5,[0.02566979 0.02552247 0.02519186 0.68004436 0.24357152],3,0.6800443576817861
姐妹们，竞品C广告说温和修护，但我用完明显过敏，这种宣传太离谱。希望品牌给个明确说明。我是干敏皮，朋友推荐后购买，空瓶半瓶后，这个点对敏感肌很关键。,2026-05-24 15:02:00,100,20,天猫评价,竞品C,舒缓保湿面膜,新品上市,电商评价,广告承诺争议,neutral,0.1,0.4,[0.02776244 0.8879503  0.02827176 0.02801879 0.02799671],1,0.8879502982117352
姐妹们，保湿和提亮都比较自然，不是那种立刻假白的效果。我是干敏皮，旗舰店买的，用了2次，大促期间看到很多类似反馈。,2026-05-28 13:41:00,25,17,天猫评价,NewBrand,早C晚A精华套装,618大促,电商评价,正向口碑,positive,1.0,1.0,[0.88031137 0.02996975 0.02983185 0.02982152 0.03006551],0,0.8803113709654747
用了几天，达人测评没有夸张，实际使用确实温和，油皮也能接受。大家怎么看？我是沙漠干皮，小样试用后入正装，空瓶半瓶后，评论区反馈分化很明显。,2026-05-29 23:28:00,66,15,B站,NewBrand,早C晚A精华套装,新品上市,用户评论,正向口碑,negative,-1.5,1.0,[0.88818668 0.02795984 0.02780001 0.02804943 0.02800404],0,0.8881866769796147
姐妹们，活动价还可以，套装搭配合理，适合第一次尝试这个系列。还会继续观察。我是痘肌，大促囤货，连续用了3天，客服回复会直接影响我是否复购。,2026-05-25 15:22:00,36,5,B站,竞品C,光感修护精华液,敏感肌种草,用户评论,正向口碑,positive,1.0,1.0,[0.02828027 0.02814997 0.02775122 0.02793917 0.88787937],4,0.8878793736242175
NewBrand广告说温和修护，但我用完明显过敏，这种宣传太离谱。不建议盲买。我是屏障受损肌，达人链接下单，连续用了3天，和同价位竞品对比差异明显。,2026-06-01 00:18:00,184,9,小红书,NewBrand,舒缓保湿面膜,新品上市,用户评论,产品质量风险,neutral,-0.125,0.425,[0.02807546 0.88746295 0.02809494 0.02815348 0.02821317],1,0.8874629542446529
达人测评没有夸张，实际使用确实温和，油皮也能接受。不建议盲买。我是混油皮，直播间入手，空瓶半瓶后，希望品牌补充适用人群说明。,2026-05-31 08:12:00,60,6,天猫评价,NewBrand,光感修护精华液,618大促,短视频评论,正向口碑,negative,-1.25,1.0,[0.88343847 0.02919518 0.02905737 0.02920152 0.02910746],0,0.8834384696562089
测评后感觉，看到很多人反馈刺痛，也有人说好用，感觉和肤质关系很大。希望品牌给个明确说明。我是外油内干，小样试用后入正装，早晚用了4天，和同价位竞品对比差异明显。,2026-05-29 00:23:00,20,1,B站,NewBrand,屏障修护面霜,敏感肌种草,短视频评论,中性观察,neutral,0.0,0.3,[0.89726536 0.02568453 0.02563477 0.02573618 0.02567915],0,0.89726536173818
用了几天，客服一直让我再观察，没有给明确处理方案，售后体验真的差。希望品牌给个明确说明。我是干敏皮，直播间入手，空瓶半瓶后，大促期间看到很多类似反馈。,2026-05-30 04:09:00,87,75,天猫评价,竞品B,光感修护精华液,达人测评,电商评价,产品质量风险,positive,1.25,1.0,[0.02674112 0.02675121 0.02636313 0.66200797 0.25813657],3,0.6620079718657755
测评后感觉，客服回复速度还行，但对过敏问题的解释比较模板化。我是痘肌，大促囤货，用了2次，这个点对敏感肌很关键。,2026-05-30 12:27:00,54,1,京东评价,NewBrand,舒缓保湿面膜,敏感肌种草,短视频评论,中性观察,negative,-1.0,1.0,[0.03398315 0.86434007 0.03381675 0.03390611 0.03395391],1,0.8643400727637147
姐妹们，保湿和提亮都比较自然，不是那种立刻假白的效果。大家怎么看？我是外油内干，大促囤货，空瓶半瓶后，和同价位竞品对比差异明显。,2026-05-26 02:56:00,223,27,京东评价,竞品C,早C晚A精华套装,618大促,电商评价,正向口碑,positive,1.0,1.0,[0.88732334 0.02806321 0.02814828 0.02832558 0.02813959],0,0.8873233439865942
用了几天，竞品C这次活动力度一般，赠品多但主品价格没有太大优势。不建议盲买。我是屏障受损肌，朋友推荐后购买，连续用了3天，评论区反馈分化很明显。,2026-05-30 18:05:00,19,14,抖音,竞品C,屏障修护面霜,达人测评,用户评论,中性观察,neutral,0.0,0.5,[0.02734181 0.02747172 0.02732607 0.02744468 0.89041573],4,0.8904157269184015
用了几天，客服回复速度还行，但对过敏问题的解释比较模板化。大家怎么看？我是油敏皮，朋友推荐后购买，用了2次，评论区反馈分化很明显。,2026-05-30 13:49:00,16,4,小红书,竞品C,温和洁面乳,敏感肌种草,电商评价,中性观察,negative,-1.0,1.0,[0.03004642 0.88003965 0.02980998 0.02999041 0.03011354],1,0.8800396521413586
测评后感觉，看到很多人反馈刺痛，也有人说好用，感觉和肤质关系很大。不建议盲买。我是屏障受损肌，达人链接下单，用了1周，这个点对敏感肌很关键。,2026-05-27 12:32:00,59,1,微博,NewBrand,光感修护精华液,夏季修护专题,话题讨论,中性观察,negative,-1.0,1.0,[0.88308099 0.02932498 0.02894079 0.02916081 0.02949243],0,0.883080990602241
用了几天，成分表看起来偏修护，敏感肌最好先做局部测试。还会继续观察。我是油敏皮，大促囤货，用了2次，这个点对敏感肌很关键。,2026-05-27 10:46:00,16,5,微博,NewBrand,温和洁面乳,新品上市,达人笔记,中性观察,positive,1.0,1.0,[0.03230206 0.03247527 0.87023829 0.03235035 0.03263403],2,0.8702382894574772
说实话，活动价还可以，套装搭配合理，适合第一次尝试这个系列。不建议盲买。我是外油内干，小样试用后入正装，空瓶半瓶后，这个点对敏感肌很关键。,2026-05-25 04:30:00,60,9,京东评价,NewBrand,屏障修护面霜,夏季修护专题,电商评价,正向口碑,positive,1.0,1.0,[0.02865966 0.0286041  0.02857495 0.0287298  0.88543148],4,0.8854314844490916
测评后感觉，保湿和提亮都比较自然，不是那种立刻假白的效果。希望品牌给个明确说明。我是油敏皮，直播间入手，连续用了3天，鼻翼和脸颊反应最明显。,2026-05-29 00:43:00,21,7,抖音,竞品B,光感修护精华液,618大促,达人笔记,正向口碑,positive,0.333,0.633,[0.8914455  0.0272799  0.02692062 0.02720491 0.02714908],0,0.8914454986053124
用了几天，竞品C广告说温和修护，但我用完明显过敏，这种宣传太离谱。不建议盲买。我是屏障受损肌，小样试用后入正装，刚上脸10分钟，后续上妆状态变化很大。,2026-05-27 13:14:00,228,7,B站,竞品C,光感修护精华液,敏感肌种草,用户评论,售后体验不满,neutral,-0.125,0.425,[0.02618091 0.89549652 0.02591954 0.02607969 0.02632334],1,0.8954965159937956
用了三天爆痘，停用后才慢慢好，不敢继续用了。大家怎么看？我是屏障受损肌，朋友推荐后购买，连续用了3天，和同价位竞品对比差异明显。,2026-05-26 01:47:00,107,10,京东评价,NewBrand,早C晚A精华套装,夏季修护专题,用户评论,达人内容质疑,neutral,0.0,0.3,[0.02993878 0.03008196 0.02994366 0.03000669 0.8800289 ],4,0.8800289028295487
姐妹们，客服一直让我再观察，没有给明确处理方案，售后体验真的差。不建议盲买。我是正常偏干，直播间入手，用了1周，鼻翼和脸颊反应最明显。,2026-05-27 18:05:00,107,12,小红书,NewBrand,早C晚A精华套装,618大促,达人笔记,价格价值争议,positive,1.5,1.0,[0.02877655 0.02900399 0.02892118 0.88430095 0.02899733],3,0.8843009540179235
测评后感觉，达人笔记全在夸，评论区却很多人说刺激，品牌是不是控评了。还会继续观察。我是油敏皮，直播间入手，连续用了3天，客服回复会直接影响我是否复购。,2026-05-28 10:53:00,176,36,京东评价,NewBrand,舒缓保湿面膜,夏季修护专题,达人笔记,产品质量风险,negative,-1.0,1.0,[0.24378735 0.02751972 0.02693327 0.67431121 0.02744845],3,0.674311207771291
说实话，包装设计挺好看，但更关心长期使用后的稳定性。不建议盲买。我是外油内干，直播间入手，用了2次，后续上妆状态变化很大。,2026-05-27 01:20:00,28,9,天猫评价,NewBrand,屏障修护面霜,达人测评,用户评论,中性观察,neutral,0.0,0.5,[0.03140629 0.03101574 0.5838246  0.03107785 0.32267552],2,0.5838246034287102
姐妹们，竞品最近也在推类似概念，想看更真实的横评对比。我是干敏皮，达人链接下单，用了1周，评论区反馈分化很明显。,2026-05-27 19:21:00,1,4,天猫评价,竞品B,早C晚A精华套装,达人测评,话题讨论,中性观察,neutral,0.0,0.5,[0.03282723 0.03299935 0.86810012 0.03303723 0.03303608],2,0.8681001215067206
说实话，包装设计挺好看，但更关心长期使用后的稳定性。我是正常偏干，大促囤货，早晚用了4天，大促期间看到很多类似反馈。,2026-05-31 22:30:00,104,2,天猫评价,NewBrand,温和洁面乳,618大促,达人笔记,中性观察,neutral,0.0,0.5,[0.03034046 0.03007527 0.53895392 0.02994217 0.37068818],2,0.5389539189048762
测评后感觉，达人测评没有夸张，实际使用确实温和，油皮也能接受。大家怎么看？我是油敏皮，直播间入手，早晚用了4天，鼻翼和脸颊反应最明显。,2026-05-30 07:51:00,73,10,抖音,NewBrand,屏障修护面霜,敏感肌种草,达人笔记,正向口碑,negative,-1.5,1.0,[0.88085727 0.02979421 0.02963054 0.02993282 0.02978516],0,0.8808572720765978
测评后感觉，达人测评没有夸张，实际使用确实温和，油皮也能接受。还会继续观察。我是油敏皮，朋友推荐后购买，用了1周，大促期间看到很多类似反馈。,2026-05-25 16:27:00,15,6,B站,NewBrand,舒缓保湿面膜,敏感肌种草,达人笔记,正向口碑,negative,-1.5,1.0,[0.89096828 0.02731136 0.02710349 0.02713581 0.02748106],0,0.890968278624326
敏感肌用早C晚A精华套装很安心，泛红稳定下来，保湿感也不错。我是干敏皮，直播间入手，用了1周，大促期间看到很多类似反馈。,2026-05-30 14:24:00,52,0,天猫评价,NewBrand,早C晚A精华套装,618大促,短视频评论,正向口碑,positive,0.625,0.925,[0.03066105 0.87711401 0.0304486  0.03041926 0.03135709],1,0.8771140094151814
测评后感觉，如果后续能补充第三方检测和适用人群说明，会更放心。还会继续观察。我是混油皮，旗舰店买的，早晚用了4天，鼻翼和脸颊反应最明显。,2026-06-01 01:55:00,129,0,小红书,NewBrand,舒缓保湿面膜,夏季修护专题,用户评论,中性观察,neutral,0.0,0.5,[0.02994034 0.02972576 0.02955136 0.88085867 0.02992387],3,0.8808586723905217
姐妹们，活动价还可以，套装搭配合理，适合第一次尝试这个系列。大家怎么看？我是正常偏干，旗舰店买的，用了1周，希望品牌补充适用人群说明。,2026-05-25 00:26:00,19,8,天猫评价,NewBrand,屏障修护面霜,新品上市,电商评价,正向口碑,positive,1.0,1.0,[0.03016482 0.03021673 0.03015889 0.03014701 0.87931256],4,0.8793125572663857
用了几天，达人笔记全在夸，评论区却很多人说刺激，品牌是不是控评了。我是混油皮，达人链接下单，连续用了3天，后续上妆状态变化很大。,2026-05-28 09:42:00,29,12,京东评价,竞品A,舒缓保湿面膜,达人测评,话题讨论,售后体验不满,negative,-1.0,1.0,[0.03176684 0.03130329 0.03084159 0.87482357 0.03126471],3,0.874823574883975
说实话，用了光感修护精华液之后脸颊刺痛泛红，严重辣脸，第二天还起了小疹子。我是混油皮，旗舰店买的，连续用了3天，鼻翼和脸颊反应最明显。,2026-05-27 05:55:00,130,51,京东评价,竞品A,光感修护精华液,新品上市,话题讨论,达人内容质疑,negative,-0.5,0.8,[0.02961556 0.88144396 0.02937293 0.02986379 0.02970376],1,0.8814439572151025
保湿和提亮都比较自然，不是那种立刻假白的效果。我是沙漠干皮，小样试用后入正装，用了1周，评论区反馈分化很明显。,2026-05-28 19:25:00,19,4,B站,NewBrand,早C晚A精华套装,新品上市,话题讨论,正向口碑,positive,1.0,1.0,[0.88293304 0.02921844 0.02914124 0.02943194 0.02927535],0,0.8829330353309439
测评后感觉，用了三天爆痘，停用后才慢慢好，不敢继续用了。希望品牌给个明确说明。我是正常偏干，大促囤货，早晚用了4天，后续上妆状态变化很大。,2026-05-31 21:49:00,71,23,京东评价,竞品A,舒缓保湿面膜,达人测评,用户评论,广告承诺争议,positive,0.333,0.633,[0.02850749 0.0282567  0.02815115 0.02832638 0.88675829],4,0.8867582890047151
包装设计挺好看，但更关心长期使用后的稳定性。不建议盲买。我是正常偏干，大促囤货，刚上脸10分钟，希望品牌补充适用人群说明。,2026-05-30 08:36:00,40,15,小红书,NewBrand,早C晚A精华套装,敏感肌种草,短视频评论,中性观察,negative,-1.0,1.0,[0.0282982  0.02825768 0.88691318 0.02824357 0.02828737],2,0.8869131787462151
用了几天，用了三天爆痘，停用后才慢慢好，不敢继续用了。希望品牌给个明确说明。我是混油皮，达人链接下单，用了2次，这个点对敏感肌很关键。,2026-05-26 00:39:00,156,16,小红书,竞品A,光感修护精华液,新品上市,达人笔记,售后体验不满,positive,0.333,0.633,[0.03192012 0.03185686 0.03172827 0.03189368 0.87260106],4,0.8726010588852887
用了几天，看到很多人反馈刺痛，也有人说好用，感觉和肤质关系很大。还会继续观察。我是痘肌，小样试用后入正装，空瓶半瓶后，客服回复会直接影响我是否复购。,2026-05-31 15:46:00,63,12,抖音,竞品C,屏障修护面霜,敏感肌种草,用户评论,中性观察,negative,-1.0,1.0,[0.89703876 0.02577078 0.02563733 0.02573074 0.02582239],0,0.897038755346838
舒缓保湿面膜肤感还可以，但功效需要再观察，暂时没有特别惊喜。大家怎么看？我是油敏皮，大促囤货，早晚用了4天，希望品牌补充适用人群说明。,2026-05-24 14:59:00,40,5,微博,NewBrand,舒缓保湿面膜,夏季修护专题,话题讨论,中性观察,neutral,0.167,0.467,[0.02916035 0.25675984 0.02893097 0.02911449 0.65603435],4,0.6560343514362234
说实话，用了屏障修护面霜之后脸颊刺痛泛红，严重辣脸，第二天还起了小疹子。大家怎么看？我是痘肌，朋友推荐后购买，早晚用了4天，和同价位竞品对比差异明显。,2026-05-28 06:35:00,74,22,B站,竞品C,屏障修护面霜,618大促,电商评价,产品质量风险,negative,-0.5,0.8,[0.02775882 0.88893114 0.02773964 0.02777751 0.0277929 ],1,0.8889311392852524
用了几天，客服回复速度还行，但对过敏问题的解释比较模板化。希望品牌给个明确说明。我是干敏皮，朋友推荐后购买，连续用了3天，大促期间看到很多类似反馈。,2026-05-28 09:26:00,27,4,京东评价,NewBrand,光感修护精华液,新品上市,达人笔记,中性观察,neutral,0.0,0.3,[0.02685011 0.89314417 0.02648151 0.02662387 0.02690033],1,0.8931441745590426
测评后感觉，这次舒缓保湿面膜真的好用，质地清爽不黏，早上上妆也不搓泥，已经准备回购。大家怎么看？我是油敏皮，直播间入手，连续用了3天，这个点对敏感肌很关键。,2026-05-26 12:46:00,40,10,微博,NewBrand,舒缓保湿面膜,夏季修护专题,用户评论,正向口碑,positive,0.625,0.925,[0.02803138 0.02841166 0.02734335 0.88855697 0.02765663],3,0.8885569738637367
测评后感觉，如果后续能补充第三方检测和适用人群说明，会更放心。还会继续观察。我是屏障受损肌，旗舰店买的，空瓶半瓶后，后续上妆状态变化很大。,2026-05-27 06:19:00,23,7,小红书,竞品A,早C晚A精华套装,618大促,用户评论,中性观察,neutral,0.0,0.5,[0.02885203 0.02885088 0.02867605 0.88424751 0.02937354],3,0.8842475062067469
说实话，买的套装里小样快过期，包装还压坏了，活动体验很糟糕。希望品牌给个明确说明。我是屏障受损肌，旗舰店买的，连续用了3天，这个点对敏感肌很关键。,2026-05-27 20:13:00,200,45,抖音,NewBrand,屏障修护面霜,新品上市,用户评论,售后体验不满,neutral,-0.25,0.55,[0.02941914 0.02945031 0.02928823 0.02937114 0.88247119],4,0.8824711865172574
保湿和提亮都比较自然，不是那种立刻假白的效果。还会继续观察。我是正常偏干，大促囤货，早晚用了4天，希望品牌补充适用人群说明。,2026-05-26 20:04:00,70,12,京东评价,竞品B,屏障修护面霜,夏季修护专题,用户评论,正向口碑,positive,0.333,0.633,[0.88988441 0.02750985 0.02744928 0.02755376 0.02760269],0,0.8898844145911006
包装设计挺好看，但更关心长期使用后的稳定性。还会继续观察。我是干敏皮，小样试用后入正装，用了2次，后续上妆状态变化很大。,2026-05-25 20:15:00,34,4,微博,NewBrand,屏障修护面霜,夏季修护专题,电商评价,中性观察,neutral,0.0,0.5,[0.03005997 0.02955453 0.66631221 0.02998087 0.24409242],2,0.6663122116536907
达人测评没有夸张，实际使用确实温和，油皮也能接受。不建议盲买。我是正常偏干，旗舰店买的，早晚用了4天，和同价位竞品对比差异明显。,2026-05-29 18:23:00,240,1,抖音,NewBrand,早C晚A精华套装,618大促,用户评论,正向口碑,negative,-1.5,1.0,[0.88243374 0.02938367 0.02940254 0.02937039 0.02940967],0,0.8824337385328824
说实话，竞品A这波新品包装和肤感都比以前细腻，吸收快，味道也克制。不建议盲买。我是干敏皮，小样试用后入正装，用了2次，和同价位竞品对比差异明显。,2026-05-31 11:32:00,32,5,小红书,竞品A,光感修护精华液,新品上市,电商评价,正向口碑,positive,1.0,1.0,[0.02721156 0.02735371 0.02734345 0.02739277 0.89069851],4,0.8906985139020892
说实话，质地看着高级，上脸却搓泥，后续上妆完全不服帖，踩雷。希望品牌给个明确说明。我是油敏皮，直播间入手，空瓶半瓶后，客服回复会直接影响我是否复购。,2026-05-24 19:45:00,440,24,小红书,NewBrand,光感修护精华液,达人测评,电商评价,价格价值争议,negative,-1.0,1.0,[0.89253437 0.02692138 0.02670213 0.0268714  0.02697072],0,0.8925343744023571
姐妹们，用了三天爆痘，停用后才慢慢好，不敢继续用了。我是干敏皮，大促囤货，早晚用了4天，这个点对敏感肌很关键。,2026-05-25 08:38:00,100,19,B站,NewBrand,早C晚A精华套装,新品上市,话题讨论,产品质量风险,neutral,0.0,0.3,[0.03490952 0.03489862 0.03493191 0.03502674 0.86023321],4,0.8602332067990187
测评后感觉，活动价还可以，套装搭配合理，适合第一次尝试这个系列。我是油敏皮，达人链接下单，用了2次，客服回复会直接影响我是否复购。,2026-05-28 14:28:00,42,3,微博,NewBrand,早C晚A精华套装,夏季修护专题,电商评价,正向口碑,positive,1.0,1.0,[0.0298985  0.02975458 0.02927492 0.02956651 0.88150549],4,0.881505490978526
测评后感觉，看到很多人反馈刺痛，也有人说好用，感觉和肤质关系很大。大家怎么看？我是沙漠干皮，朋友推荐后购买，用了2次，客服回复会直接影响我是否复购。,2026-05-29 12:45:00,89,11,抖音,NewBrand,光感修护精华液,618大促,电商评价,中性观察,negative,-1.0,1.0,[0.89209718 0.02713692 0.02673469 0.02701052 0.0270207 ],0,0.8920971826563326
说实话，客服一直让我再观察，没有给明确处理方案，售后体验真的差。大家怎么看？我是混油皮，直播间入手，空瓶半瓶后，和同价位竞品对比差异明显。,2026-05-28 17:21:00,71,4,微博,NewBrand,舒缓保湿面膜,618大促,达人笔记,价格价值争议,positive,1.5,1.0,[0.02828933 0.02834787 0.02813275 0.88689062 0.02833943],3,0.8868906244187417
用了几天，客服回复速度还行，但对过敏问题的解释比较模板化。不建议盲买。我是痘肌，达人链接下单，空瓶半瓶后，希望品牌补充适用人群说明。,2026-05-31 20:58:00,56,11,小红书,NewBrand,舒缓保湿面膜,618大促,用户评论,中性观察,negative,-1.0,1.0,[0.02897314 0.88444173 0.02883011 0.02892579 0.02882922],1,0.8844417318670028
说实话，达人笔记全在夸，评论区却很多人说刺激，品牌是不是控评了。还会继续观察。我是干敏皮，直播间入手，连续用了3天，希望品牌补充适用人群说明。,2026-05-30 10:46:00,90,25,小红书,NewBrand,光感修护精华液,敏感肌种草,电商评价,达人内容质疑,neutral,0.0,0.3,[0.02863488 0.02877693 0.02863564 0.88529866 0.0286539 ],3,0.8852986571157724
说实话，用了三天爆痘，停用后才慢慢好，不敢继续用了。不建议盲买。我是外油内干，小样试用后入正装，用了2次，和同价位竞品对比差异明显。,2026-05-31 22:28:00,192,11,B站,NewBrand,温和洁面乳,达人测评,短视频评论,产品质量风险,neutral,0.0,0.3,[0.02952036 0.02951384 0.02958374 0.02958708 0.88179499],4,0.8817949871112142
姐妹们，客服解释成分很专业，售后响应也快，这点比竞品体验好。我是沙漠干皮，直播间入手，用了1周，和同价位竞品对比差异明显。,2026-05-24 20:24:00,49,19,天猫评价,NewBrand,舒缓保湿面膜,618大促,短视频评论,正向口碑,positive,1.5,1.0,[0.03002384 0.87965334 0.02996343 0.03000706 0.03035233],1,0.8796533384289089
用了几天，连续用了一周，温和洁面乳对换季干燥有改善，修护感很明显。不建议盲买。我是痘肌，朋友推荐后购买，用了2次，大促期间看到很多类似反馈。,2026-05-31 16:13:00,36,6,抖音,竞品A,温和洁面乳,618大促,话题讨论,正向口碑,positive,1.0,1.0,[0.02854972 0.88618425 0.02825198 0.02834285 0.0286712 ],1,0.8861842468513442
敏感肌用温和洁面乳很安心，泛红稳定下来，保湿感也不错。我是外油内干，达人链接下单，连续用了3天，和同价位竞品对比差异明显。,2026-05-25 07:01:00,67,2,京东评价,NewBrand,温和洁面乳,夏季修护专题,达人笔记,正向口碑,positive,0.7,1.0,[0.03051126 0.87783359 0.03052101 0.03060822 0.03052591],1,0.8778335932231811
用了几天，NewBrand这波新品包装和肤感都比以前细腻，吸收快，味道也克制。大家怎么看？我是混油皮，大促囤货，早晚用了4天，这个点对敏感肌很关键。,2026-05-30 06:16:00,17,59,B站,NewBrand,光感修护精华液,达人测评,话题讨论,正向口碑,positive,1.0,1.0,[0.0296793  0.02968012 0.02956904 0.02969637 0.88137517],4,0.8813751673113368
姐妹们，达人测评没有夸张，实际使用确实温和，油皮也能接受。不建议盲买。我是混油皮，旗舰店买的，连续用了3天，大促期间看到很多类似反馈。,2026-05-27 18:09:00,94,3,京东评价,竞品A,早C晚A精华套装,敏感肌种草,达人笔记,正向口碑,negative,-1.5,1.0,[0.88379156 0.02909334 0.02887702 0.02897941 0.02925868],0,0.8837915560738296
说实话，买的套装里小样快过期，包装还压坏了，活动体验很糟糕。我是油敏皮，达人链接下单，空瓶半瓶后，客服回复会直接影响我是否复购。,2026-05-25 18:12:00,55,17,抖音,竞品A,早C晚A精华套装,618大促,电商评价,产品质量风险,negative,-1.5,1.0,[0.0290235  0.02897999 0.02854875 0.02880562 0.88464215],4,0.8846421519200794
测评后感觉，敏感肌用光感修护精华液很安心，泛红稳定下来，保湿感也不错。大家怎么看？我是混油皮，达人链接下单，用了2次，这个点对敏感肌很关键。,2026-05-30 22:37:00,98,7,小红书,竞品B,光感修护精华液,敏感肌种草,短视频评论,正向口碑,positive,0.7,1.0,[0.0313788  0.87460977 0.03112865 0.03136447 0.03151831],1,0.8746097703119369
测评后感觉，NewBrand这波新品包装和肤感都比以前细腻，吸收快，味道也克制。大家怎么看？我是痘肌，达人链接下单，空瓶半瓶后，这个点对敏感肌很关键。,2026-05-25 16:07:00,10,14,天猫评价,NewBrand,光感修护精华液,达人测评,达人笔记,正向口碑,positive,1.0,1.0,[0.02904263 0.02909669 0.0290001  0.02914441 0.88371617],4,0.8837161722629504
这次屏障修护面霜真的好用，质地清爽不黏，早上上妆也不搓泥，已经准备回购。我是外油内干，大促囤货，空瓶半瓶后，后续上妆状态变化很大。,2026-05-27 23:57:00,54,15,小红书,NewBrand,屏障修护面霜,达人测评,电商评价,正向口碑,positive,0.625,0.925,[0.02788435 0.02802257 0.02761117 0.88860036 0.02788155],3,0.8886003610545236
说实话，客服回复速度还行，但对过敏问题的解释比较模板化。大家怎么看？我是沙漠干皮，朋友推荐后购买，连续用了3天，和同价位竞品对比差异明显。,2026-05-28 17:33:00,13,0,B站,竞品A,舒缓保湿面膜,618大促,话题讨论,中性观察,negative,-1.0,1.0,[0.02808625 0.88774601 0.02795145 0.02809011 0.02812617],1,0.8877460147856725
用了几天，敏感肌用光感修护精华液很安心，泛红稳定下来，保湿感也不错。希望品牌给个明确说明。我是外油内干，直播间入手，连续用了3天，后续上妆状态变化很大。,2026-05-30 10:29:00,73,2,微博,NewBrand,光感修护精华液,618大促,电商评价,正向口碑,positive,0.75,1.0,[0.02826742 0.88808697 0.02769384 0.02792041 0.02803137],1,0.8880869655024612
客服回复速度还行，但对过敏问题的解释比较模板化。不建议盲买。我是油敏皮，朋友推荐后购买，早晚用了4天，客服回复会直接影响我是否复购。,2026-05-30 20:16:00,16,3,微博,NewBrand,温和洁面乳,新品上市,用户评论,中性观察,negative,-1.0,1.0,[0.02928079 0.88414417 0.02870338 0.02889833 0.02897333],1,0.884144165466786
用了几天，NewBrand这波新品包装和肤感都比以前细腻，吸收快，味道也克制。希望品牌给个明确说明。我是沙漠干皮，小样试用后入正装，刚上脸10分钟，和同价位竞品对比差异明显。,2026-05-26 17:03:00,49,0,小红书,NewBrand,早C晚A精华套装,新品上市,短视频评论,正向口碑,positive,1.0,1.0,[0.02453634 0.02442433 0.02442098 0.02446389 0.90215446],4,0.9021544635963866
测评后感觉，连续用了一周，舒缓保湿面膜对换季干燥有改善，修护感很明显。我是痘肌，直播间入手，用了1周，这个点对敏感肌很关键。,2026-05-25 10:08:00,168,3,B站,NewBrand,舒缓保湿面膜,新品上市,短视频评论,正向口碑,positive,1.0,1.0,[0.03219189 0.87142481 0.03203569 0.03214242 0.03220519],1,0.8714248093563953
姐妹们，达人测评没有夸张，实际使用确实温和，油皮也能接受。希望品牌给个明确说明。我是痘肌，达人链接下单，用了2次，大促期间看到很多类似反馈。,2026-05-30 07:00:00,43,1,小红书,竞品A,光感修护精华液,敏感肌种草,达人笔记,正向口碑,neutral,-0.25,0.55,[0.8870447  0.0282877  0.02809921 0.02818482 0.02838356],0,0.8870446963858611
用了几天，成分表看起来偏修护，敏感肌最好先做局部测试。还会继续观察。我是正常偏干，朋友推荐后购买，用了2次，这个点对敏感肌很关键。,2026-05-31 09:02:00,5,5,B站,NewBrand,屏障修护面霜,618大促,话题讨论,中性观察,positive,1.0,1.0,[0.03142817 0.0316012  0.8735952  0.03140835 0.03196708],2,0.8735952024876588
用了三天爆痘，停用后才慢慢好，不敢继续用了。不建议盲买。我是屏障受损肌，朋友推荐后购买，用了1周，和同价位竞品对比差异明显。,2026-05-29 00:46:00,113,50,京东评价,竞品A,屏障修护面霜,夏季修护专题,电商评价,达人内容质疑,neutral,0.0,0.3,[0.0300746  0.03012207 0.03003707 0.03009577 0.87967049],4,0.8796704943584335
测评后感觉，买的套装里小样快过期，包装还压坏了，活动体验很糟糕。还会继续观察。我是屏障受损肌，达人链接下单，连续用了3天，后续上妆状态变化很大。,2026-05-28 01:25:00,74,24,小红书,NewBrand,早C晚A精华套装,618大促,用户评论,价格价值争议,negative,-1.5,1.0,[0.02785316 0.02782455 0.02734795 0.02770266 0.88927167],4,0.8892716730511261
姐妹们，用了三天爆痘，停用后才慢慢好，不敢继续用了。我是屏障受损肌，朋友推荐后购买，连续用了3天，这个点对敏感肌很关键。,2026-05-25 15:00:00,171,8,京东评价,竞品C,屏障修护面霜,达人测评,达人笔记,产品质量风险,neutral,0.0,0.3,[0.03231717 0.03243879 0.03225542 0.03235045 0.87063818],4,0.8706381765650257
如果后续能补充第三方检测和适用人群说明，会更放心。我是正常偏干，达人链接下单，刚上脸10分钟，这个点对敏感肌很关键。,2026-05-26 19:56:00,22,19,B站,竞品A,早C晚A精华套装,夏季修护专题,电商评价,中性观察,neutral,0.0,0.5,[0.03212028 0.03201669 0.03190636 0.87181746 0.03213921],3,0.8718174617796622
用了几天，价格比竞品贵一截，但效果没有宣传那么夸张，感觉被种草文骗了。我是干敏皮，小样试用后入正装，用了1周，评论区反馈分化很明显。,2026-05-24 09:12:00,99,9,微博,竞品A,早C晚A精华套装,达人测评,用户评论,达人内容质疑,neutral,0.0,0.5,[0.02879495 0.02876399 0.02875393 0.88489207 0.02879506],3,0.884892066393547
姐妹们，NewBrand这波新品包装和肤感都比以前细腻，吸收快，味道也克制。还会继续观察。我是外油内干，直播间入手，用了2次，和同价位竞品对比差异明显。,2026-05-28 09:33:00,51,25,京东评价,NewBrand,舒缓保湿面膜,夏季修护专题,短视频评论,正向口碑,positive,1.0,1.0,[0.02745705 0.027599   0.02751835 0.02746005 0.88996554],4,0.8899655438004583
用了几天，价格比竞品贵一截，但效果没有宣传那么夸张，感觉被种草文骗了。不建议盲买。我是混油皮，旗舰店买的，刚上脸10分钟，鼻翼和脸颊反应最明显。,2026-05-29 22:02:00,146,70,微博,NewBrand,早C晚A精华套装,夏季修护专题,电商评价,产品质量风险,neutral,0.0,0.5,[0.02750825 0.02736528 0.02722868 0.89048524 0.02741255],3,0.8904852428676612
姐妹们，用了三天爆痘，停用后才慢慢好，不敢继续用了。希望品牌给个明确说明。我是外油内干，直播间入手，空瓶半瓶后，后续上妆状态变化很大。,2026-05-26 07:25:00,57,15,天猫评价,竞品B,光感修护精华液,达人测评,话题讨论,售后体验不满,positive,0.333,0.633,[0.02901146 0.02872466 0.02857733 0.02881251 0.88487404],4,0.8848740398386112
说实话，保湿和提亮都比较自然，不是那种立刻假白的效果。我是沙漠干皮，小样试用后入正装，空瓶半瓶后，评论区反馈分化很明显。,2026-05-26 19:22:00,51,6,天猫评价,竞品A,温和洁面乳,达人测评,话题讨论,正向口碑,positive,1.0,1.0,[0.88987903 0.0275013  0.0274111  0.02761939 0.02758917],0,0.8898790328723305
姐妹们，光感修护精华液肤感还可以，但功效需要再观察，暂时没有特别惊喜。大家怎么看？我是外油内干，旗舰店买的，连续用了3天，评论区反馈分化很明显。,2026-05-31 07:02:00,38,7,京东评价,NewBrand,光感修护精华液,达人测评,用户评论,中性观察,neutral,-0.25,0.55,[0.02925456 0.03029412 0.0292912  0.02949936 0.88166075],4,0.8816607535085295
姐妹们，包装设计挺好看，但更关心长期使用后的稳定性。大家怎么看？我是干敏皮，大促囤货，用了1周，这个点对敏感肌很关键。,2026-05-31 13:18:00,2,3,京东评价,NewBrand,舒缓保湿面膜,达人测评,电商评价,中性观察,neutral,0.0,0.5,[0.03352195 0.03362358 0.86530341 0.03358929 0.03396176],2,0.8653034117325465
测评后感觉，用了屏障修护面霜之后脸颊刺痛泛红，严重辣脸，第二天还起了小疹子。我是沙漠干皮，大促囤货，早晚用了4天，希望品牌补充适用人群说明。,2026-05-30 17:22:00,154,15,B站,竞品A,屏障修护面霜,敏感肌种草,电商评价,售后体验不满,neutral,-0.2,0.5,[0.0272478  0.89123145 0.02703196 0.02729056 0.02719824],1,0.8912314510859517
姐妹们，竞品最近也在推类似概念，想看更真实的横评对比。我是正常偏干，小样试用后入正装，空瓶半瓶后，和同价位竞品对比差异明显。,2026-05-31 03:43:00,26,2,京东评价,竞品A,光感修护精华液,夏季修护专题,用户评论,中性观察,neutral,0.0,0.5,[0.02927337 0.02918516 0.88288573 0.02933505 0.02932069],2,0.8828857275253673
用了几天，用了三天爆痘，停用后才慢慢好，不敢继续用了。不建议盲买。我是屏障受损肌，旗舰店买的，早晚用了4天，大促期间看到很多类似反馈。,2026-05-30 22:59:00,151,15,天猫评价,NewBrand,早C晚A精华套装,达人测评,达人笔记,广告承诺争议,neutral,0.0,0.3,[0.02925292 0.02929185 0.02905099 0.02915376 0.88325048],4,0.8832504774556605
说实话，NewBrand这次活动力度一般，赠品多但主品价格没有太大优势。不建议盲买。我是屏障受损肌，直播间入手，用了2次，这个点对敏感肌很关键。,2026-05-25 02:44:00,127,1,微博,NewBrand,温和洁面乳,夏季修护专题,达人笔记,中性观察,neutral,0.0,0.5,[0.02974112 0.02994804 0.02971912 0.02976637 0.88082534],4,0.8808253392878784
测评后感觉，连续用了一周，舒缓保湿面膜对换季干燥有改善，修护感很明显。大家怎么看？我是沙漠干皮，大促囤货，早晚用了4天，评论区反馈分化很明显。,2026-05-25 07:44:00,55,1,抖音,NewBrand,舒缓保湿面膜,新品上市,达人笔记,正向口碑,positive,1.0,1.0,[0.02787921 0.88857076 0.02767887 0.02794415 0.02792701],1,0.8885707604578551
测评后感觉，客服回复速度还行，但对过敏问题的解释比较模板化。还会继续观察。我是沙漠干皮，达人链接下单，用了1周，希望品牌补充适用人群说明。,2026-05-26 02:47:00,83,14,微博,NewBrand,舒缓保湿面膜,敏感肌种草,电商评价,中性观察,neutral,0.0,0.3,[0.02789872 0.88854029 0.02766572 0.02803571 0.02785955],1,0.8885402916269388
测评后感觉，这次屏障修护面霜真的好用，质地清爽不黏，早上上妆也不搓泥，已经准备回购。我是屏障受损肌，朋友推荐后购买，用了1周，希望品牌补充适用人群说明。,2026-05-26 02:27:00,11,8,B站,竞品A,屏障修护面霜,敏感肌种草,达人笔记,正向口碑,positive,0.7,1.0,[0.02654718 0.02677469 0.02635899 0.89377859 0.02654055],3,0.893778590926388
姐妹们，用了三天爆痘，停用后才慢慢好，不敢继续用了。我是油敏皮，大促囤货，空瓶半瓶后，和同价位竞品对比差异明显。,2026-05-27 02:48:00,74,16,小红书,NewBrand,早C晚A精华套装,达人测评,达人笔记,价格价值争议,neutral,0.0,0.3,[0.03112226 0.0311578  0.03144988 0.03132237 0.8749477 ],4,0.8749476979299116
测评后感觉，质地看着高级，上脸却搓泥，后续上妆完全不服帖，踩雷。还会继续观察。我是干敏皮，大促囤货，早晚用了4天，后续上妆状态变化很大。,2026-05-30 01:06:00,176,5,京东评价,竞品C,光感修护精华液,618大促,电商评价,售后体验不满,neutral,0.0,0.5,[0.88024033 0.02990216 0.02977275 0.02988486 0.03019991],0,0.8802403257860848
用了几天，质地看着高级，上脸却搓泥，后续上妆完全不服帖，踩雷。还会继续观察。我是痘肌，大促囤货，刚上脸10分钟，客服回复会直接影响我是否复购。,2026-05-31 17:27:00,128,46,京东评价,NewBrand,光感修护精华液,618大促,电商评价,产品质量风险,neutral,0.0,0.5,[0.88986157 0.02758337 0.02740706 0.02749031 0.02765768],0,0.8898615719214021
如果后续能补充第三方检测和适用人群说明，会更放心。还会继续观察。我是痘肌，大促囤货，早晚用了4天，这个点对敏感肌很关键。,2026-05-25 08:45:00,24,15,天猫评价,竞品C,屏障修护面霜,夏季修护专题,达人笔记,中性观察,neutral,0.0,0.5,[0.03298878 0.03295671 0.03284256 0.86801098 0.03320097],3,0.868010976036802
NewBrand这波新品包装和肤感都比以前细腻，吸收快，味道也克制。不建议盲买。我是痘肌，小样试用后入正装，早晚用了4天，鼻翼和脸颊反应最明显。,2026-05-26 18:15:00,96,4,天猫评价,NewBrand,舒缓保湿面膜,敏感肌种草,话题讨论,正向口碑,positive,1.0,1.0,[0.02811306 0.0281512  0.02804931 0.02829909 0.88738734],4,0.8873873397036848
姐妹们，客服解释成分很专业，售后响应也快，这点比竞品体验好。我是屏障受损肌，小样试用后入正装，空瓶半瓶后，希望品牌补充适用人群说明。,2026-05-31 14:39:00,100,12,B站,竞品A,温和洁面乳,达人测评,电商评价,正向口碑,positive,1.25,1.0,[0.02752565 0.89026693 0.02731455 0.02750125 0.02739162],1,0.8902669299701
测评后感觉，质地看着高级，上脸却搓泥，后续上妆完全不服帖，踩雷。大家怎么看？我是屏障受损肌，小样试用后入正装，空瓶半瓶后，希望品牌补充适用人群说明。,2026-05-27 03:22:00,134,5,抖音,竞品B,早C晚A精华套装,618大促,达人笔记,价格价值争议,negative,-1.0,1.0,[0.89109927 0.02720784 0.02703498 0.02739216 0.02726575],0,0.8910992688577588
用了几天，NewBrand广告说温和修护，但我用完明显过敏，这种宣传太离谱。不建议盲买。我是屏障受损肌，达人链接下单，用了2次，后续上妆状态变化很大。,2026-05-28 01:48:00,68,22,天猫评价,NewBrand,早C晚A精华套装,新品上市,用户评论,达人内容质疑,neutral,-0.125,0.425,[0.02871165 0.8852096  0.02840301 0.02878094 0.0288948 ],1,0.8852095998943605
说实话，用了三天爆痘，停用后才慢慢好，不敢继续用了。还会继续观察。我是干敏皮，大促囤货，连续用了3天，和同价位竞品对比差异明显。,2026-05-31 22:58:00,71,66,小红书,NewBrand,屏障修护面霜,新品上市,电商评价,产品质量风险,neutral,0.0,0.3,[0.02976916 0.02978231 0.02986948 0.02973128 0.88084777],4,0.8808477693920871
说实话，活动价还可以，套装搭配合理，适合第一次尝试这个系列。大家怎么看？我是外油内干，小样试用后入正装，用了2次，客服回复会直接影响我是否复购。,2026-05-26 20:00:00,15,1,京东评价,竞品A,温和洁面乳,敏感肌种草,用户评论,正向口碑,positive,1.0,1.0,[0.02838415 0.02810878 0.02778159 0.02800603 0.88771946],4,0.887719461069322
说实话，质地看着高级，上脸却搓泥，后续上妆完全不服帖，踩雷。希望品牌给个明确说明。我是外油内干，直播间入手，早晚用了4天，大促期间看到很多类似反馈。,2026-05-28 21:25:00,84,11,京东评价,竞品A,早C晚A精华套装,夏季修护专题,用户评论,广告承诺争议,negative,-1.0,1.0,[0.88949454 0.02758961 0.02737674 0.02750017 0.02803894],0,0.8894945405880954
说实话，早C晚A精华套装肤感还可以，但功效需要再观察，暂时没有特别惊喜。大家怎么看？我是外油内干，直播间入手，用了2次，和同价位竞品对比差异明显。,2026-05-27 14:34:00,21,12,京东评价,NewBrand,早C晚A精华套装,618大促,话题讨论,中性观察,negative,-1.5,1.0,[0.02934518 0.02962456 0.02936501 0.02940946 0.88225578],4,0.8822557837998112
说实话，用了光感修护精华液之后脸颊刺痛泛红，严重辣脸，第二天还起了小疹子。不建议盲买。我是外油内干，达人链接下单，连续用了3天，客服回复会直接影响我是否复购。,2026-05-26 15:46:00,117,2,抖音,NewBrand,光感修护精华液,新品上市,短视频评论,售后体验不满,negative,-0.5,0.8,[0.0263958  0.89483559 0.02611789 0.02631816 0.02633256],1,0.8948355892051487
姐妹们，活动价还可以，套装搭配合理，适合第一次尝试这个系列。还会继续观察。我是外油内干，旗舰店买的，用了1周，鼻翼和脸颊反应最明显。,2026-05-26 22:37:00,64,9,微博,竞品A,光感修护精华液,达人测评,话题讨论,正向口碑,positive,1.0,1.0,[0.02990683 0.02997785 0.02988644 0.03009434 0.88013455],4,0.8801345530773286
用了几天，达人笔记全在夸，评论区却很多人说刺激，品牌是不是控评了。大家怎么看？我是沙漠干皮，旗舰店买的，用了2次，鼻翼和脸颊反应最明显。,2026-05-28 22:33:00,104,3,小红书,NewBrand,屏障修护面霜,达人测评,短视频评论,售后体验不满,negative,-1.0,1.0,[0.03072367 0.03090796 0.03061036 0.87687317 0.03088484],3,0.8768731685559614
说实话，用了早C晚A精华套装之后脸颊刺痛泛红，严重辣脸，第二天还起了小疹子。我是混油皮，大促囤货，空瓶半瓶后，大促期间看到很多类似反馈。,2026-05-29 22:05:00,374,30,小红书,竞品C,早C晚A精华套装,新品上市,短视频评论,价格价值争议,negative,-1.0,1.0,[0.02802172 0.88802415 0.02756418 0.02786663 0.02852332],1,0.8880241528069611
姐妹们，温和洁面乳肤感还可以，但功效需要再观察，暂时没有特别惊喜。还会继续观察。我是屏障受损肌，朋友推荐后购买，用了2次，评论区反馈分化很明显。,2026-05-31 03:46:00,32,1,京东评价,竞品C,温和洁面乳,新品上市,电商评价,中性观察,neutral,-0.25,0.55,[0.02795675 0.02834063 0.02781229 0.0279235  0.88796683],4,0.8879668346078209
测评后感觉，保湿和提亮都比较自然，不是那种立刻假白的效果。还会继续观察。我是痘肌，小样试用后入正装，早晚用了4天，鼻翼和脸颊反应最明显。,2026-05-30 10:16:00,47,7,微博,NewBrand,早C晚A精华套装,618大促,话题讨论,正向口碑,positive,1.0,1.0,[0.89134968 0.02711496 0.02702724 0.0273426  0.02716552],0,0.8913496804629599
用了屏障修护面霜之后脸颊刺痛泛红，严重辣脸，第二天还起了小疹子。我是外油内干，小样试用后入正装，刚上脸10分钟，希望品牌补充适用人群说明。,2026-05-26 13:05:00,110,30,微博,NewBrand,屏障修护面霜,达人测评,达人笔记,价格价值争议,neutral,-0.2,0.5,[0.02671792 0.89342371 0.02655308 0.02668037 0.02662491],1,0.8934237130136241
测评后感觉，质地看着高级，上脸却搓泥，后续上妆完全不服帖，踩雷。希望品牌给个明确说明。我是正常偏干，朋友推荐后购买，连续用了3天，后续上妆状态变化很大。,2026-05-27 03:48:00,260,24,京东评价,NewBrand,屏障修护面霜,敏感肌种草,话题讨论,售后体验不满,negative,-1.0,1.0,[0.88758982 0.02812484 0.02782166 0.02803769 0.02842598],0,0.8875898175497758
说实话，达人笔记全在夸，评论区却很多人说刺激，品牌是不是控评了。希望品牌给个明确说明。我是沙漠干皮，旗舰店买的，空瓶半瓶后，鼻翼和脸颊反应最明显。,2026-05-30 09:00:00,166,43,抖音,竞品C,屏障修护面霜,敏感肌种草,电商评价,达人内容质疑,neutral,0.0,0.3,[0.02785452 0.02783353 0.02768939 0.8887321  0.02789046],3,0.888732099613619
测评后感觉，竞品最近也在推类似概念，想看更真实的横评对比。不建议盲买。我是屏障受损肌，小样试用后入正装，连续用了3天，后续上妆状态变化很大。,2026-05-28 03:55:00,96,34,抖音,竞品B,光感修护精华液,618大促,达人笔记,中性观察,neutral,0.0,0.5,[0.36261954 0.02841918 0.55195749 0.02819961 0.02880418],2,0.5519574858953838
测评后感觉，达人笔记全在夸，评论区却很多人说刺激，品牌是不是控评了。还会继续观察。我是沙漠干皮，达人链接下单，用了1周，和同价位竞品对比差异明显。,2026-05-31 17:03:00,127,0,抖音,竞品A,早C晚A精华套装,敏感肌种草,短视频评论,产品质量风险,negative,-1.0,1.0,[0.02773845 0.02773303 0.02771189 0.88898169 0.02783494],3,0.8889816887255041
说实话，成分表看起来偏修护，敏感肌最好先做局部测试。希望品牌给个明确说明。我是痘肌，大促囤货，刚上脸10分钟，客服回复会直接影响我是否复购。,2026-05-27 00:43:00,54,5,京东评价,NewBrand,屏障修护面霜,新品上市,用户评论,中性观察,positive,1.0,1.0,[0.38096504 0.02802453 0.53552318 0.02764641 0.02784084],2,0.5355231811470005
说实话，活动价还可以，套装搭配合理，适合第一次尝试这个系列。我是痘肌，大促囤货，用了2次，这个点对敏感肌很关键。,2026-05-29 17:34:00,65,22,京东评价,竞品A,屏障修护面霜,敏感肌种草,短视频评论,正向口碑,positive,1.0,1.0,[0.03466733 0.034786   0.03492509 0.03469278 0.86092881],4,0.8609288123562664
说实话，如果后续能补充第三方检测和适用人群说明，会更放心。我是痘肌，小样试用后入正装，早晚用了4天，客服回复会直接影响我是否复购。,2026-05-30 06:23:00,16,6,天猫评价,NewBrand,舒缓保湿面膜,达人测评,短视频评论,中性观察,neutral,0.0,0.5,[0.03070395 0.03029212 0.02957836 0.87938259 0.03004299],3,0.8793825869103181
测评后感觉，光感修护精华液肤感还可以，但功效需要再观察，暂时没有特别惊喜。希望品牌给个明确说明。我是油敏皮，朋友推荐后购买，用了1周，后续上妆状态变化很大。,2026-05-26 16:54:00,27,5,京东评价,竞品B,光感修护精华液,618大促,用户评论,中性观察,neutral,0.167,0.467,[0.02699085 0.02766909 0.02676018 0.02701824 0.89156164],4,0.891561643369385
连续用了一周，早C晚A精华套装对换季干燥有改善，修护感很明显。希望品牌给个明确说明。我是痘肌，达人链接下单，连续用了3天，希望品牌补充适用人群说明。,2026-05-29 18:39:00,23,1,天猫评价,NewBrand,早C晚A精华套装,夏季修护专题,话题讨论,正向口碑,positive,1.125,1.0,[0.02985857 0.88091141 0.0296205  0.02979013 0.02981939],1,0.8809114062898097
姐妹们，如果后续能补充第三方检测和适用人群说明，会更放心。希望品牌给个明确说明。我是干敏皮，小样试用后入正装，用了2次，鼻翼和脸颊反应最明显。,2026-05-31 11:51:00,22,2,京东评价,NewBrand,早C晚A精华套装,618大促,用户评论,中性观察,positive,1.0,1.0,[0.02902357 0.02899202 0.02896366 0.88403326 0.02898748],3,0.8840332615081126
用了几天，保湿和提亮都比较自然，不是那种立刻假白的效果。我是正常偏干，达人链接下单，用了2次，鼻翼和脸颊反应最明显。,2026-05-30 04:29:00,64,20,抖音,NewBrand,舒缓保湿面膜,达人测评,短视频评论,正向口碑,positive,1.0,1.0,[0.87990854 0.03009898 0.02979837 0.03019978 0.02999433],0,0.8799085366794949
姐妹们，成分表看起来偏修护，敏感肌最好先做局部测试。希望品牌给个明确说明。我是干敏皮，达人链接下单，空瓶半瓶后，和同价位竞品对比差异明显。,2026-05-25 21:00:00,13,0,抖音,竞品B,舒缓保湿面膜,敏感肌种草,短视频评论,中性观察,positive,1.0,1.0,[0.02810531 0.0281705  0.88736001 0.0282502  0.02811398],2,0.8873600147716892
姐妹们，价格比竞品贵一截，但效果没有宣传那么夸张，感觉被种草文骗了。大家怎么看？我是沙漠干皮，达人链接下单，刚上脸10分钟，评论区反馈分化很明显。,2026-05-26 01:18:00,141,9,抖音,竞品A,光感修护精华液,敏感肌种草,电商评价,产品质量风险,neutral,0.0,0.5,[0.0269392  0.02694622 0.02677312 0.8923961  0.02694537],3,0.8923961033711532
姐妹们，连续用了一周，光感修护精华液对换季干燥有改善，修护感很明显。我是外油内干，小样试用后入正装，早晚用了4天，大促期间看到很多类似反馈。,2026-05-31 12:50:00,28,12,微博,NewBrand,光感修护精华液,敏感肌种草,电商评价,正向口碑,positive,1.0,1.0,[0.02804632 0.88803859 0.02765835 0.02784093 0.02841581],1,0.8880385930801076
说实话，买的套装里小样快过期，包装还压坏了，活动体验很糟糕。还会继续观察。我是混油皮，朋友推荐后购买，用了1周，后续上妆状态变化很大。,2026-05-24 13:10:00,114,39,小红书,NewBrand,舒缓保湿面膜,敏感肌种草,电商评价,价格价值争议,negative,-1.5,1.0,[0.02869821 0.02859107 0.02840914 0.02857443 0.88572715],4,0.8857271545909162
测评后感觉，客服一直让我再观察，没有给明确处理方案，售后体验真的差。大家怎么看？我是屏障受损肌，小样试用后入正装，空瓶半瓶后，评论区反馈分化很明显。,2026-05-24 20:36:00,73,10,小红书,NewBrand,光感修护精华液,敏感肌种草,达人笔记,广告承诺争议,positive,1.5,1.0,[0.02687434 0.02667366 0.02648738 0.89315311 0.02681152],3,0.8931531081557044
姐妹们，价格比竞品贵一截，但效果没有宣传那么夸张，感觉被种草文骗了。还会继续观察。我是正常偏干，小样试用后入正装，早晚用了4天，客服回复会直接影响我是否复购。,2026-05-24 14:10:00,107,9,京东评价,NewBrand,早C晚A精华套装,618大促,短视频评论,售后体验不满,neutral,0.0,0.5,[0.02551636 0.02524338 0.02489746 0.89911383 0.02522898],3,0.899113828489276
姐妹们，看到很多人反馈刺痛，也有人说好用，感觉和肤质关系很大。我是混油皮，小样试用后入正装，连续用了3天，大促期间看到很多类似反馈。,2026-05-28 20:54:00,20,6,天猫评价,NewBrand,温和洁面乳,敏感肌种草,短视频评论,中性观察,negative,-1.0,1.0,[0.8859848  0.02856138 0.02838688 0.02839854 0.0286684 ],0,0.8859848011193294
测评后感觉，达人测评没有夸张，实际使用确实温和，油皮也能接受。希望品牌给个明确说明。我是油敏皮，朋友推荐后购买，用了2次，鼻翼和脸颊反应最明显。,2026-05-28 01:02:00,79,3,小红书,竞品B,屏障修护面霜,达人测评,用户评论,正向口碑,neutral,-0.25,0.55,[0.88811629 0.02797775 0.0277937  0.0280983  0.02801396],0,0.8881162893107628
姐妹们，看到很多人反馈刺痛，也有人说好用，感觉和肤质关系很大。不建议盲买。我是油敏皮，朋友推荐后购买，用了2次，大促期间看到很多类似反馈。,2026-05-25 12:20:00,42,1,小红书,竞品C,早C晚A精华套装,618大促,电商评价,中性观察,negative,-1.0,1.0,[0.88738379 0.02826435 0.02797104 0.02805895 0.02832188],0,0.8873837858301082
说实话，NewBrand广告说温和修护，但我用完明显过敏，这种宣传太离谱。希望品牌给个明确说明。我是沙漠干皮，旗舰店买的，用了1周，和同价位竞品对比差异明显。,2026-05-26 04:34:00,157,38,抖音,NewBrand,光感修护精华液,618大促,用户评论,价格价值争议,neutral,0.1,0.4,[0.02802459 0.88789524 0.02785965 0.02812836 0.02809217],1,0.8878952403299192
测评后感觉，活动价还可以，套装搭配合理，适合第一次尝试这个系列。大家怎么看？我是油敏皮，旗舰店买的，刚上脸10分钟，这个点对敏感肌很关键。,2026-05-25 07:43:00,116,2,天猫评价,NewBrand,舒缓保湿面膜,618大促,达人笔记,正向口碑,positive,1.0,1.0,[0.02982689 0.02975871 0.02960926 0.02979139 0.88101374],4,0.8810137432539176
测评后感觉，成分表看起来偏修护，敏感肌最好先做局部测试。不建议盲买。我是沙漠干皮，小样试用后入正装，早晚用了4天，大促期间看到很多类似反馈。,2026-05-29 11:07:00,1,5,小红书,NewBrand,早C晚A精华套装,达人测评,短视频评论,中性观察,positive,1.0,1.0,[0.02724161 0.0271092  0.56230906 0.02710196 0.35623818],2,0.562309058484597
说实话，客服一直让我再观察，没有给明确处理方案，售后体验真的差。大家怎么看？我是痘肌，小样试用后入正装，用了2次，后续上妆状态变化很大。,2026-05-25 04:52:00,80,13,天猫评价,NewBrand,屏障修护面霜,达人测评,话题讨论,售后体验不满,positive,1.5,1.0,[0.02957145 0.02956288 0.02928381 0.88195948 0.02962239],3,0.8819594773441455
光感修护精华液肤感还可以，但功效需要再观察，暂时没有特别惊喜。希望品牌给个明确说明。我是混油皮，达人链接下单，刚上脸10分钟，后续上妆状态变化很大。,2026-05-30 13:09:00,85,6,抖音,NewBrand,光感修护精华液,达人测评,话题讨论,中性观察,neutral,0.167,0.467,[0.02673478 0.02731108 0.02648541 0.02713026 0.89233847],4,0.8923384693511308
说实话，质地看着高级，上脸却搓泥，后续上妆完全不服帖，踩雷。还会继续观察。我是正常偏干，达人链接下单，连续用了3天，这个点对敏感肌很关键。,2026-05-24 09:11:00,31,11,天猫评价,竞品A,温和洁面乳,夏季修护专题,短视频评论,广告承诺争议,neutral,0.0,0.5,[0.87891066 0.03018968 0.03008528 0.03026552 0.03054886],0,0.8789106558555067
测评后感觉，成分表看起来偏修护，敏感肌最好先做局部测试。我是干敏皮，大促囤货，刚上脸10分钟，希望品牌补充适用人群说明。,2026-05-25 11:13:00,38,7,微博,NewBrand,温和洁面乳,新品上市,达人笔记,中性观察,positive,1.0,1.0,[0.02995456 0.02971269 0.88097535 0.0296852  0.0296722 ],2,0.8809753533044649
测评后感觉，NewBrand广告说温和修护，但我用完明显过敏，这种宣传太离谱。希望品牌给个明确说明。我是正常偏干，达人链接下单，用了1周，鼻翼和脸颊反应最明显。,2026-05-29 03:49:00,45,9,天猫评价,NewBrand,早C晚A精华套装,达人测评,电商评价,售后体验不满,neutral,0.1,0.4,[0.02744828 0.89040309 0.02718974 0.02746073 0.02749816],1,0.8904030869172842
测评后感觉，这次光感修护精华液真的好用，质地清爽不黏，早上上妆也不搓泥，已经准备回购。我是沙漠干皮，大促囤货，空瓶半瓶后，和同价位竞品对比差异明显。,2026-06-01 07:42:00,75,18,抖音,NewBrand,光感修护精华液,达人测评,短视频评论,正向口碑,positive,0.625,0.925,[0.02546928 0.02572591 0.02545619 0.89783245 0.02551616],3,0.8978324538394526
用了几天，连续用了一周，光感修护精华液对换季干燥有改善，修护感很明显。还会继续观察。我是干敏皮，达人链接下单，用了1周，希望品牌补充适用人群说明。,2026-05-30 17:31:00,118,19,微博,NewBrand,光感修护精华液,敏感肌种草,达人笔记,正向口碑,positive,1.125,1.0,[0.02816276 0.88714357 0.02824876 0.0282035  0.02824141],1,0.8871435744947508
姐妹们，竞品最近也在推类似概念，想看更真实的横评对比。不建议盲买。我是混油皮，直播间入手，空瓶半瓶后，客服回复会直接影响我是否复购。,2026-05-26 23:59:00,50,0,B站,竞品A,温和洁面乳,618大促,话题讨论,中性观察,neutral,0.0,0.5,[0.44166083 0.02842496 0.47328347 0.02824539 0.02838535],2,0.47328346953103334
测评后感觉，质地看着高级，上脸却搓泥，后续上妆完全不服帖，踩雷。还会继续观察。我是外油内干，达人链接下单，刚上脸10分钟，和同价位竞品对比差异明显。,2026-05-24 21:34:00,36,14,抖音,NewBrand,舒缓保湿面膜,达人测评,话题讨论,广告承诺争议,neutral,0.0,0.5,[0.89083236 0.02721358 0.02710116 0.02751652 0.02733639],0,0.8908323561433092
姐妹们，价格比竞品贵一截，但效果没有宣传那么夸张，感觉被种草文骗了。希望品牌给个明确说明。我是沙漠干皮，大促囤货，用了1周，希望品牌补充适用人群说明。,2026-05-30 08:42:00,72,14,B站,NewBrand,早C晚A精华套装,敏感肌种草,短视频评论,售后体验不满,neutral,0.0,0.3,[0.02750023 0.0274936  0.02733271 0.89027577 0.0273977 ],3,0.8902757687924288
连续用了一周，屏障修护面霜对换季干燥有改善，修护感很明显。大家怎么看？我是痘肌，朋友推荐后购买，用了1周，大促期间看到很多类似反馈。,2026-05-30 00:50:00,41,5,天猫评价,NewBrand,屏障修护面霜,敏感肌种草,达人笔记,正向口碑,positive,1.0,1.0,[0.02933778 0.88307206 0.02902398 0.02913662 0.02942955],1,0.8830720639400969
说实话，达人笔记全在夸，评论区却很多人说刺激，品牌是不是控评了。不建议盲买。我是干敏皮，大促囤货，早晚用了4天，大促期间看到很多类似反馈。,2026-05-31 01:06:00,97,53,抖音,NewBrand,屏障修护面霜,夏季修护专题,用户评论,价格价值争议,negative,-1.0,1.0,[0.02904005 0.0289221  0.02859758 0.625362   0.28807827],3,0.6253619999708449
测评后感觉，NewBrand这次活动力度一般，赠品多但主品价格没有太大优势。大家怎么看？我是正常偏干，大促囤货，刚上脸10分钟，后续上妆状态变化很大。,2026-05-27 07:14:00,76,3,微博,NewBrand,舒缓保湿面膜,敏感肌种草,用户评论,中性观察,neutral,0.0,0.5,[0.02691422 0.02679249 0.02669602 0.02682453 0.89277274],4,0.8927727393491566
测评后感觉，包装设计挺好看，但更关心长期使用后的稳定性。还会继续观察。我是屏障受损肌，达人链接下单，早晚用了4天，评论区反馈分化很明显。,2026-05-25 10:19:00,33,15,天猫评价,NewBrand,光感修护精华液,敏感肌种草,达人笔记,中性观察,neutral,0.0,0.5,[0.02878496 0.02888162 0.88429233 0.02892738 0.0291137 ],2,0.8842923309857624
姐妹们，包装设计挺好看，但更关心长期使用后的稳定性。还会继续观察。我是干敏皮，小样试用后入正装，用了1周，和同价位竞品对比差异明显。,2026-05-31 11:40:00,17,4,小红书,NewBrand,早C晚A精华套装,夏季修护专题,话题讨论,中性观察,neutral,0.0,0.5,[0.02815146 0.02812716 0.88714887 0.02825981 0.0283127 ],2,0.8871488718099004
用了几天，用了三天爆痘，停用后才慢慢好，不敢继续用了。还会继续观察。我是油敏皮，大促囤货，刚上脸10分钟，后续上妆状态变化很大。,2026-05-25 06:57:00,49,68,小红书,NewBrand,早C晚A精华套装,新品上市,话题讨论,价格价值争议,neutral,0.0,0.3,[0.02899632 0.02890469 0.02881236 0.02885239 0.88443424],4,0.8844342440414745
客服一直让我再观察，没有给明确处理方案，售后体验真的差。希望品牌给个明确说明。我是外油内干，小样试用后入正装，用了2次，后续上妆状态变化很大。,2026-05-29 21:47:00,191,3,天猫评价,竞品C,光感修护精华液,达人测评,达人笔记,价格价值争议,positive,1.25,1.0,[0.02826122 0.02802484 0.02784037 0.88774087 0.0281327 ],3,0.8877408727669441
看到很多人反馈刺痛，也有人说好用，感觉和肤质关系很大。我是沙漠干皮，直播间入手，早晚用了4天，客服回复会直接影响我是否复购。,2026-05-28 08:07:00,53,9,小红书,NewBrand,温和洁面乳,新品上市,用户评论,中性观察,negative,-1.0,1.0,[0.88731695 0.02828432 0.02799493 0.02815862 0.02824517],0,0.8873169534053028
用了三天爆痘，停用后才慢慢好，不敢继续用了。还会继续观察。我是正常偏干，直播间入手，用了2次，大促期间看到很多类似反馈。,2026-05-28 22:59:00,149,10,天猫评价,竞品B,光感修护精华液,新品上市,达人笔记,价格价值争议,neutral,0.0,0.3,[0.02963423 0.02954564 0.02949335 0.029468   0.88185878],4,0.8818587820005607
连续用了一周，舒缓保湿面膜对换季干燥有改善，修护感很明显。我是混油皮，直播间入手，用了1周，客服回复会直接影响我是否复购。,2026-05-27 01:46:00,14,5,天猫评价,竞品B,舒缓保湿面膜,618大促,短视频评论,正向口碑,positive,1.0,1.0,[0.02958846 0.88279286 0.02911358 0.02921525 0.02928985],1,0.8827928570520428
测评后感觉，活动价还可以，套装搭配合理，适合第一次尝试这个系列。我是痘肌，旗舰店买的，连续用了3天，希望品牌补充适用人群说明。,2026-05-25 00:45:00,21,4,小红书,NewBrand,屏障修护面霜,敏感肌种草,用户评论,正向口碑,positive,1.0,1.0,[0.0310271  0.0311262  0.03084432 0.03098421 0.87601817],4,0.8760181666286991
买的套装里小样快过期，包装还压坏了，活动体验很糟糕。还会继续观察。我是沙漠干皮，直播间入手，用了2次，大促期间看到很多类似反馈。,2026-05-25 08:12:00,44,9,微博,竞品A,光感修护精华液,达人测评,电商评价,产品质量风险,negative,-1.5,1.0,[0.02798922 0.02796567 0.02783312 0.02790355 0.88830844],4,0.8883084351952663
姐妹们，用了三天爆痘，停用后才慢慢好，不敢继续用了。大家怎么看？我是油敏皮，大促囤货，连续用了3天，鼻翼和脸颊反应最明显。,2026-05-29 01:30:00,46,4,天猫评价,NewBrand,早C晚A精华套装,618大促,用户评论,价格价值争议,neutral,0.0,0.3,[0.03160121 0.0317868  0.03151671 0.03175312 0.87334215],4,0.8733421519253388
早C晚A精华套装肤感还可以，但功效需要再观察，暂时没有特别惊喜。希望品牌给个明确说明。我是油敏皮，旗舰店买的，用了1周，这个点对敏感肌很关键。,2026-05-25 09:24:00,13,5,天猫评价,竞品C,早C晚A精华套装,新品上市,电商评价,中性观察,neutral,-0.25,0.55,[0.03092404 0.03113652 0.03078634 0.03089717 0.87625594],4,0.8762559389013708
用了几天，价格比竞品贵一截，但效果没有宣传那么夸张，感觉被种草文骗了。还会继续观察。我是痘肌，朋友推荐后购买，用了2次，后续上妆状态变化很大。,2026-05-25 03:27:00,31,9,京东评价,竞品A,温和洁面乳,夏季修护专题,达人笔记,产品质量风险,neutral,0.0,0.5,[0.02814818 0.02803994 0.02783505 0.88756534 0.02841148],3,0.887565341557935
用了几天，竞品A这次活动力度一般，赠品多但主品价格没有太大优势。希望品牌给个明确说明。我是沙漠干皮，直播间入手，用了1周，大促期间看到很多类似反馈。,2026-06-01 06:50:00,107,2,微博,竞品A,光感修护精华液,敏感肌种草,用户评论,中性观察,negative,-1.5,1.0,[0.02654867 0.02646121 0.02636405 0.02648052 0.89414556],4,0.894145555442939
测评后感觉，达人测评没有夸张，实际使用确实温和，油皮也能接受。希望品牌给个明确说明。我是痘肌，旗舰店买的，用了2次，和同价位竞品对比差异明显。,2026-05-28 07:33:00,28,1,天猫评价,NewBrand,屏障修护面霜,新品上市,用户评论,正向口碑,neutral,-0.25,0.55,[0.88273369 0.0293121  0.02936668 0.02931045 0.02927709],0,0.8827336930566605
姐妹们，活动价还可以，套装搭配合理，适合第一次尝试这个系列。希望品牌给个明确说明。我是油敏皮，旗舰店买的，用了2次，这个点对敏感肌很关键。,2026-05-29 18:59:00,70,10,小红书,NewBrand,光感修护精华液,敏感肌种草,话题讨论,正向口碑,positive,1.0,1.0,[0.03080969 0.0307217  0.03065    0.03070556 0.87711306],4,0.8771130603329598
姐妹们，竞品B这波新品包装和肤感都比以前细腻，吸收快，味道也克制。大家怎么看？我是油敏皮，旗舰店买的，用了2次，后续上妆状态变化很大。,2026-05-26 22:25:00,28,22,微博,竞品B,屏障修护面霜,夏季修护专题,话题讨论,正向口碑,positive,1.0,1.0,[0.02988516 0.02976896 0.02982563 0.02975573 0.88076451],4,0.8807645110181612
说实话，买的套装里小样快过期，包装还压坏了，活动体验很糟糕。还会继续观察。我是屏障受损肌，达人链接下单，用了1周，评论区反馈分化很明显。,2026-05-27 06:56:00,182,7,B站,竞品A,光感修护精华液,新品上市,达人笔记,售后体验不满,negative,-1.5,1.0,[0.02858636 0.02868806 0.0286118  0.02871224 0.88540153],4,0.8854015258744949
姐妹们，质地看着高级，上脸却搓泥，后续上妆完全不服帖，踩雷。希望品牌给个明确说明。我是屏障受损肌，大促囤货，连续用了3天，希望品牌补充适用人群说明。,2026-05-25 15:03:00,96,9,京东评价,竞品A,舒缓保湿面膜,敏感肌种草,用户评论,产品质量风险,neutral,0.0,0.3,[0.88498234 0.0288585  0.02857587 0.02876353 0.02881975],0,0.8849823421050593
姐妹们，质地看着高级，上脸却搓泥，后续上妆完全不服帖，踩雷。希望品牌给个明确说明。我是屏障受损肌，朋友推荐后购买，用了1周，和同价位竞品对比差异明显。,2026-05-28 14:52:00,27,12,天猫评价,NewBrand,舒缓保湿面膜,新品上市,达人笔记,广告承诺争议,negative,-1.0,1.0,[0.88854437 0.02781758 0.02769473 0.02786395 0.02807938],0,0.8885443673807306
说实话，买的套装里小样快过期，包装还压坏了，活动体验很糟糕。希望品牌给个明确说明。我是屏障受损肌，小样试用后入正装，用了1周，后续上妆状态变化很大。,2026-05-25 03:51:00,154,11,抖音,竞品C,光感修护精华液,敏感肌种草,用户评论,广告承诺争议,neutral,-0.25,0.55,[0.0275078  0.02738369 0.0272236  0.02749135 0.89039355],4,0.890393551894329
姐妹们，买的套装里小样快过期，包装还压坏了，活动体验很糟糕。我是痘肌，小样试用后入正装，用了1周，评论区反馈分化很明显。,2026-05-27 00:25:00,176,20,京东评价,竞品B,舒缓保湿面膜,夏季修护专题,电商评价,价格价值争议,negative,-1.5,1.0,[0.03163591 0.03154188 0.03160087 0.03200339 0.87321795],4,0.8732179455588034
说实话，连续用了一周，舒缓保湿面膜对换季干燥有改善，修护感很明显。不建议盲买。我是痘肌，达人链接下单，早晚用了4天，客服回复会直接影响我是否复购。,2026-05-30 13:54:00,17,16,天猫评价,竞品A,舒缓保湿面膜,618大促,用户评论,正向口碑,positive,1.0,1.0,[0.02777559 0.88964944 0.02741808 0.02757957 0.02757732],1,0.8896494407595418
测评后感觉，质地看着高级，上脸却搓泥，后续上妆完全不服帖，踩雷。大家怎么看？我是油敏皮，朋友推荐后购买，空瓶半瓶后，希望品牌补充适用人群说明。,2026-05-26 16:36:00,47,21,京东评价,NewBrand,早C晚A精华套装,夏季修护专题,达人笔记,售后体验不满,negative,-1.0,1.0,[0.8871194  0.02827777 0.02800299 0.02833809 0.02826175],0,0.8871193990170276
说实话，价格比竞品贵一截，但效果没有宣传那么夸张，感觉被种草文骗了。大家怎么看？我是外油内干，达人链接下单，刚上脸10分钟，和同价位竞品对比差异明显。,2026-05-27 15:45:00,65,97,京东评价,NewBrand,屏障修护面霜,新品上市,短视频评论,价格价值争议,neutral,0.0,0.5,[0.02726268 0.02710316 0.0270733  0.89139467 0.02716618],3,0.8913946733060054
买的套装里小样快过期，包装还压坏了，活动体验很糟糕。大家怎么看？我是混油皮，大促囤货，连续用了3天，评论区反馈分化很明显。,2026-05-26 07:48:00,106,15,天猫评价,NewBrand,舒缓保湿面膜,新品上市,电商评价,价格价值争议,negative,-1.5,1.0,[0.03076691 0.0307553  0.03058967 0.03073287 0.87715526],4,0.8771552580002931
说实话，NewBrand这波新品包装和肤感都比以前细腻，吸收快，味道也克制。还会继续观察。我是油敏皮，朋友推荐后购买，空瓶半瓶后，客服回复会直接影响我是否复购。,2026-05-25 15:59:00,110,7,天猫评价,NewBrand,早C晚A精华套装,新品上市,短视频评论,正向口碑,positive,1.0,1.0,[0.02561235 0.02554941 0.02523808 0.02540309 0.89819707],4,0.8981970675823702
用了几天，竞品A这波新品包装和肤感都比以前细腻，吸收快，味道也克制。大家怎么看？我是沙漠干皮，大促囤货，刚上脸10分钟，希望品牌补充适用人群说明。,2026-05-31 15:35:00,143,4,天猫评价,竞品A,温和洁面乳,618大促,达人笔记,正向口碑,positive,1.0,1.0,[0.02647009 0.02663305 0.02646911 0.02651224 0.89391552],4,0.8939155169781191
用了几天，价格比竞品贵一截，但效果没有宣传那么夸张，感觉被种草文骗了。希望品牌给个明确说明。我是沙漠干皮，达人链接下单，早晚用了4天，客服回复会直接影响我是否复购。,2026-05-30 00:03:00,160,69,小红书,NewBrand,屏障修护面霜,敏感肌种草,电商评价,达人内容质疑,negative,-1.0,1.0,[0.02592058 0.02572838 0.02524397 0.89754718 0.0255599 ],3,0.8975471754750453
用了几天，客服一直让我再观察，没有给明确处理方案，售后体验真的差。我是外油内干，达人链接下单，连续用了3天，鼻翼和脸颊反应最明显。,2026-05-24 14:29:00,160,0,小红书,NewBrand,温和洁面乳,敏感肌种草,短视频评论,售后体验不满,positive,1.5,1.0,[0.02998911 0.03045862 0.02989004 0.87955732 0.03010491],3,0.8795573171563569
说实话，NewBrand这波新品包装和肤感都比以前细腻，吸收快，味道也克制。我是混油皮，旗舰店买的，用了2次，鼻翼和脸颊反应最明显。,2026-05-28 20:38:00,36,6,天猫评价,NewBrand,舒缓保湿面膜,新品上市,用户评论,正向口碑,positive,1.0,1.0,[0.03079881 0.03086152 0.03069881 0.03096055 0.87668032],4,0.8766803179784473
测评后感觉，达人笔记全在夸，评论区却很多人说刺激，品牌是不是控评了。大家怎么看？我是屏障受损肌，直播间入手，空瓶半瓶后，大促期间看到很多类似反馈。,2026-05-26 06:42:00,147,49,京东评价,竞品B,光感修护精华液,夏季修护专题,达人笔记,售后体验不满,negative,-1.0,1.0,[0.02763562 0.02745514 0.02720021 0.58088166 0.33682737],3,0.5808816634443433
用了几天，如果后续能补充第三方检测和适用人群说明，会更放心。不建议盲买。我是油敏皮，达人链接下单，用了1周，后续上妆状态变化很大。,2026-05-30 22:35:00,31,2,京东评价,NewBrand,温和洁面乳,夏季修护专题,短视频评论,中性观察,neutral,0.0,0.5,[0.03208418 0.03203248 0.03168312 0.87217627 0.03202396],3,0.872176267133399
测评后感觉，达人测评没有夸张，实际使用确实温和，油皮也能接受。我是屏障受损肌，直播间入手，刚上脸10分钟，这个点对敏感肌很关键。,2026-05-25 17:03:00,15,4,京东评价,NewBrand,早C晚A精华套装,达人测评,电商评价,正向口碑,negative,-1.5,1.0,[0.87995307 0.02993457 0.02981993 0.03000696 0.03028547],0,0.879953069830634
